MaterialID,MaterialName,Material,MaterialStandardPrice,Thickness
1/424CHE,"1/4in X 2in X 4ft  Cherry",Cherry,1.00,1/4
1/434CHE,"1/4in X 3in X 4ft  Cherry",Cherry,1.50,1/4
3/824CHE,"3/8in X 2in X 4ft  Cherry",Cherry,1.50,3/8
1/224CHE,"1/2in X 2in X 4ft  Cherry",Cherry,2.00,1/2
1/428CHE,"1/4in X 2in X 8ft  Cherry",Cherry,2.00,1/4
1/444CHE,"1/4in X 4in X 4ft  Cherry",Cherry,2.00,1/4
3/834CHE,"3/8in X 3in X 4ft  Cherry",Cherry,2.25,3/8
5/824CHE,"5/8in X 2in X 4ft  Cherry",Cherry,2.30,5/8
1/4210CHE,"1/4in X 2in X 10ft  Cherry",Cherry,2.50,1/4
1/234CHE,"1/2in X 3in X 4ft  Cherry",Cherry,3.00,1/2
1/464CHE,"1/4in X 6in X 4ft  Cherry",Cherry,3.00,1/4
1/4212CHE,"1/4in X 2in X 12ft  Cherry",Cherry,3.00,1/4
1/438CHE,"1/4in X 3in X 8ft  Cherry",Cherry,3.00,1/4
3/424CHE,"3/4in X 2in X 4ft  Cherry",Cherry,3.00,3/4
3/828CHE,"3/8in X 2in X 8ft  Cherry",Cherry,3.00,3/8
3/844CHE,"3/8in X 4in X 4ft  Cherry",Cherry,3.00,3/8
5/834CHE,"5/8in X 3in X 4ft  Cherry",Cherry,3.45,5/8
1/4310CHE,"1/4in X 3in X 10ft  Cherry",Cherry,3.75,1/4
3/8210CHE,"3/8in X 2in X 10ft  Cherry",Cherry,3.75,3/8
124CHE,"1in X 2in X 4ft  Cherry",Cherry,4.00,1
1/244CHE,"1/2in X 4in X 4ft  Cherry",Cherry,4.00,1/2
1/228CHE,"1/2in X 2in X 8ft  Cherry",Cherry,4.00,1/2
1/448CHE,"1/4in X 4in X 8ft  Cherry",Cherry,4.00,1/4
1/4216CHE,"1/4in X 2in X 16ft  Cherry",Cherry,4.00,1/4
1/484CHE,"1/4in X 8in X 4ft  Cherry",Cherry,4.00,1/4
1/4312CHE,"1/4in X 3in X 12ft  Cherry",Cherry,4.50,1/4
3/434CHE,"3/4in X 3in X 4ft  Cherry",Cherry,4.50,3/4
3/838CHE,"3/8in X 3in X 8ft  Cherry",Cherry,4.50,3/8
3/864CHE,"3/8in X 6in X 4ft  Cherry",Cherry,4.50,3/8
3/8212CHE,"3/8in X 2in X 12ft  Cherry",Cherry,4.50,3/8
5/828CHE,"5/8in X 2in X 8ft  Cherry",Cherry,4.60,5/8
5/844CHE,"5/8in X 4in X 4ft  Cherry",Cherry,4.60,5/8
1/2210CHE,"1/2in X 2in X 10ft  Cherry",Cherry,5.00,1/2
1/4410CHE,"1/4in X 4in X 10ft  Cherry",Cherry,5.00,1/4
1/4104CHE,"1/4in X 10in X 4ft  Cherry",Cherry,5.00,1/4
5/424CHE,"5/4in X 2in X 4ft  Cherry",Cherry,5.00,5/4
3/8310CHE,"3/8in X 3in X 10ft  Cherry",Cherry,5.63,3/8
5/8210CHE,"5/8in X 2in X 10ft  Cherry",Cherry,5.75,5/8
134CHE,"1in X 3in X 4ft  Cherry",Cherry,6.00,1
1-1/224CHE,"1-1/2in X 2in X 4ft  Cherry",Cherry,6.00,1-1/2
1/238CHE,"1/2in X 3in X 8ft  Cherry",Cherry,6.00,1/2
1/264CHE,"1/2in X 6in X 4ft  Cherry",Cherry,6.00,1/2
1/2212CHE,"1/2in X 2in X 12ft  Cherry",Cherry,6.00,1/2
1/4412CHE,"1/4in X 4in X 12ft  Cherry",Cherry,6.00,1/4
1/4124CHE,"1/4in X 12in X 4ft  Cherry",Cherry,6.00,1/4
1/468CHE,"1/4in X 6in X 8ft  Cherry",Cherry,6.00,1/4
1/4316CHE,"1/4in X 3in X 16ft  Cherry",Cherry,6.00,1/4
3/428CHE,"3/4in X 2in X 8ft  Cherry",Cherry,6.00,3/4
3/444CHE,"3/4in X 4in X 4ft  Cherry",Cherry,6.00,3/4
3/884CHE,"3/8in X 8in X 4ft  Cherry",Cherry,6.00,3/8
3/848CHE,"3/8in X 4in X 8ft  Cherry",Cherry,6.00,3/8
3/8216CHE,"3/8in X 2in X 16ft  Cherry",Cherry,6.00,3/8
3/8312CHE,"3/8in X 3in X 12ft  Cherry",Cherry,6.75,3/8
5/8212CHE,"5/8in X 2in X 12ft  Cherry",Cherry,6.90,5/8
5/864CHE,"5/8in X 6in X 4ft  Cherry",Cherry,6.90,5/8
5/838CHE,"5/8in X 3in X 8ft  Cherry",Cherry,6.90,5/8
1/2310CHE,"1/2in X 3in X 10ft  Cherry",Cherry,7.50,1/2
1/4610CHE,"1/4in X 6in X 10ft  Cherry",Cherry,7.50,1/4
3/4210CHE,"3/4in X 2in X 10ft  Cherry",Cherry,7.50,3/4
3/8410CHE,"3/8in X 4in X 10ft  Cherry",Cherry,7.50,3/8
3/8104CHE,"3/8in X 10in X 4ft  Cherry",Cherry,7.50,3/8
5/434CHE,"5/4in X 3in X 4ft  Cherry",Cherry,7.50,5/4
128CHE,"1in X 2in X 8ft  Cherry",Cherry,8.00,1
144CHE,"1in X 4in X 4ft  Cherry",Cherry,8.00,1
1/248CHE,"1/2in X 4in X 8ft  Cherry",Cherry,8.00,1/2
1/284CHE,"1/2in X 8in X 4ft  Cherry",Cherry,8.00,1/2
1/2216CHE,"1/2in X 2in X 16ft  Cherry",Cherry,8.00,1/2
1/488CHE,"1/4in X 8in X 8ft  Cherry",Cherry,8.00,1/4
1/4416CHE,"1/4in X 4in X 16ft  Cherry",Cherry,8.00,1/4
224CHE,"2in X 2in X 4ft  Cherry",Cherry,8.00,2
5/8310CHE,"5/8in X 3in X 10ft  Cherry",Cherry,8.63,5/8
1-1/234CHE,"1-1/2in X 3in X 4ft  Cherry",Cherry,9.00,1-1/2
1/2312CHE,"1/2in X 3in X 12ft  Cherry",Cherry,9.00,1/2
1/4612CHE,"1/4in X 6in X 12ft  Cherry",Cherry,9.00,1/4
3/4212CHE,"3/4in X 2in X 12ft  Cherry",Cherry,9.00,3/4
3/438CHE,"3/4in X 3in X 8ft  Cherry",Cherry,9.00,3/4
3/464CHE,"3/4in X 6in X 4ft  Cherry",Cherry,9.00,3/4
3/8124CHE,"3/8in X 12in X 4ft  Cherry",Cherry,9.00,3/8
3/8316CHE,"3/8in X 3in X 16ft  Cherry",Cherry,9.00,3/8
3/868CHE,"3/8in X 6in X 8ft  Cherry",Cherry,9.00,3/8
3/8412CHE,"3/8in X 4in X 12ft  Cherry",Cherry,9.00,3/8
5/8216CHE,"5/8in X 2in X 16ft  Cherry",Cherry,9.20,5/8
5/848CHE,"5/8in X 4in X 8ft  Cherry",Cherry,9.20,5/8
5/884CHE,"5/8in X 8in X 4ft  Cherry",Cherry,9.20,5/8
1210CHE,"1in X 2in X 10ft  Cherry",Cherry,10.00,1
1/2104CHE,"1/2in X 10in X 4ft  Cherry",Cherry,10.00,1/2
1/2410CHE,"1/2in X 4in X 10ft  Cherry",Cherry,10.00,1/2
1/4810CHE,"1/4in X 8in X 10ft  Cherry",Cherry,10.00,1/4
1/4108CHE,"1/4in X 10in X 8ft  Cherry",Cherry,10.00,1/4
5/428CHE,"5/4in X 2in X 8ft  Cherry",Cherry,10.00,5/4
5/444CHE,"5/4in X 4in X 4ft  Cherry",Cherry,10.00,5/4
5/8312CHE,"5/8in X 3in X 12ft  Cherry",Cherry,10.35,5/8
3/4310CHE,"3/4in X 3in X 10ft  Cherry",Cherry,11.25,3/4
3/8610CHE,"3/8in X 6in X 10ft  Cherry",Cherry,11.25,3/8
5/8410CHE,"5/8in X 4in X 10ft  Cherry",Cherry,11.50,5/8
5/8104CHE,"5/8in X 10in X 4ft  Cherry",Cherry,11.50,5/8
1212CHE,"1in X 2in X 12ft  Cherry",Cherry,12.00,1
164CHE,"1in X 6in X 4ft  Cherry",Cherry,12.00,1
138CHE,"1in X 3in X 8ft  Cherry",Cherry,12.00,1
1-1/244CHE,"1-1/2in X 4in X 4ft  Cherry",Cherry,12.00,1-1/2
1-1/228CHE,"1-1/2in X 2in X 8ft  Cherry",Cherry,12.00,1-1/2
1/2412CHE,"1/2in X 4in X 12ft  Cherry",Cherry,12.00,1/2
1/268CHE,"1/2in X 6in X 8ft  Cherry",Cherry,12.00,1/2
1/2124CHE,"1/2in X 12in X 4ft  Cherry",Cherry,12.00,1/2
1/2316CHE,"1/2in X 3in X 16ft  Cherry",Cherry,12.00,1/2
1/4812CHE,"1/4in X 8in X 12ft  Cherry",Cherry,12.00,1/4
1/4616CHE,"1/4in X 6in X 16ft  Cherry",Cherry,12.00,1/4
1/4128CHE,"1/4in X 12in X 8ft  Cherry",Cherry,12.00,1/4
234CHE,"2in X 3in X 4ft  Cherry",Cherry,12.00,2
3/448CHE,"3/4in X 4in X 8ft  Cherry",Cherry,12.00,3/4
3/4216CHE,"3/4in X 2in X 16ft  Cherry",Cherry,12.00,3/4
3/484CHE,"3/4in X 8in X 4ft  Cherry",Cherry,12.00,3/4
3/888CHE,"3/8in X 8in X 8ft  Cherry",Cherry,12.00,3/8
3/8416CHE,"3/8in X 4in X 16ft  Cherry",Cherry,12.00,3/8
1/41010CHE,"1/4in X 10in X 10ft  Cherry",Cherry,12.50,1/4
5/4210CHE,"5/4in X 2in X 10ft  Cherry",Cherry,12.50,5/4
3/4312CHE,"3/4in X 3in X 12ft  Cherry",Cherry,13.50,3/4
3/8612CHE,"3/8in X 6in X 12ft  Cherry",Cherry,13.50,3/8
5/8124CHE,"5/8in X 12in X 4ft  Cherry",Cherry,13.80,5/8
5/8412CHE,"5/8in X 4in X 12ft  Cherry",Cherry,13.80,5/8
5/8316CHE,"5/8in X 3in X 16ft  Cherry",Cherry,13.80,5/8
5/868CHE,"5/8in X 6in X 8ft  Cherry",Cherry,13.80,5/8
1310CHE,"1in X 3in X 10ft  Cherry",Cherry,15.00,1
1-1/2210CHE,"1-1/2in X 2in X 10ft  Cherry",Cherry,15.00,1-1/2
1/2610CHE,"1/2in X 6in X 10ft  Cherry",Cherry,15.00,1/2
1/41210CHE,"1/4in X 12in X 10ft  Cherry",Cherry,15.00,1/4
1/41012CHE,"1/4in X 10in X 12ft  Cherry",Cherry,15.00,1/4
3/4410CHE,"3/4in X 4in X 10ft  Cherry",Cherry,15.00,3/4
3/4104CHE,"3/4in X 10in X 4ft  Cherry",Cherry,15.00,3/4
3/8108CHE,"3/8in X 10in X 8ft  Cherry",Cherry,15.00,3/8
3/8810CHE,"3/8in X 8in X 10ft  Cherry",Cherry,15.00,3/8
5/438CHE,"5/4in X 3in X 8ft  Cherry",Cherry,15.00,5/4
5/464CHE,"5/4in X 6in X 4ft  Cherry",Cherry,15.00,5/4
5/4212CHE,"5/4in X 2in X 12ft  Cherry",Cherry,15.00,5/4
148CHE,"1in X 4in X 8ft  Cherry",Cherry,16.00,1
184CHE,"1in X 8in X 4ft  Cherry",Cherry,16.00,1
1216CHE,"1in X 2in X 16ft  Cherry",Cherry,16.00,1
1/2416CHE,"1/2in X 4in X 16ft  Cherry",Cherry,16.00,1/2
1/288CHE,"1/2in X 8in X 8ft  Cherry",Cherry,16.00,1/2
1/4816CHE,"1/4in X 8in X 16ft  Cherry",Cherry,16.00,1/4
228CHE,"2in X 2in X 8ft  Cherry",Cherry,16.00,2
244CHE,"2in X 4in X 4ft  Cherry",Cherry,16.00,2
5/8610CHE,"5/8in X 6in X 10ft  Cherry",Cherry,17.25,5/8
1312CHE,"1in X 3in X 12ft  Cherry",Cherry,18.00,1
1-1/2212CHE,"1-1/2in X 2in X 12ft  Cherry",Cherry,18.00,1-1/2
1-1/238CHE,"1-1/2in X 3in X 8ft  Cherry",Cherry,18.00,1-1/2
1-1/264CHE,"1-1/2in X 6in X 4ft  Cherry",Cherry,18.00,1-1/2
1/2612CHE,"1/2in X 6in X 12ft  Cherry",Cherry,18.00,1/2
1/41212CHE,"1/4in X 12in X 12ft  Cherry",Cherry,18.00,1/4
3/4412CHE,"3/4in X 4in X 12ft  Cherry",Cherry,18.00,3/4
3/4316CHE,"3/4in X 3in X 16ft  Cherry",Cherry,18.00,3/4
3/468CHE,"3/4in X 6in X 8ft  Cherry",Cherry,18.00,3/4
3/4124CHE,"3/4in X 12in X 4ft  Cherry",Cherry,18.00,3/4
3/8128CHE,"3/8in X 12in X 8ft  Cherry",Cherry,18.00,3/8
3/8812CHE,"3/8in X 8in X 12ft  Cherry",Cherry,18.00,3/8
3/8616CHE,"3/8in X 6in X 16ft  Cherry",Cherry,18.00,3/8
5/8416CHE,"5/8in X 4in X 16ft  Cherry",Cherry,18.40,5/8
5/888CHE,"5/8in X 8in X 8ft  Cherry",Cherry,18.40,5/8
3/81010CHE,"3/8in X 10in X 10ft  Cherry",Cherry,18.75,3/8
5/4310CHE,"5/4in X 3in X 10ft  Cherry",Cherry,18.75,5/4
1104CHE,"1in X 10in X 4ft  Cherry",Cherry,20.00,1
1410CHE,"1in X 4in X 10ft  Cherry",Cherry,20.00,1
1/2810CHE,"1/2in X 8in X 10ft  Cherry",Cherry,20.00,1/2
1/2108CHE,"1/2in X 10in X 8ft  Cherry",Cherry,20.00,1/2
1/41016CHE,"1/4in X 10in X 16ft  Cherry",Cherry,20.00,1/4
2210CHE,"2in X 2in X 10ft  Cherry",Cherry,20.00,2
424CHE,"4in X 2in X 4ft  Cherry",Cherry,20.00,4
5/448CHE,"5/4in X 4in X 8ft  Cherry",Cherry,20.00,5/4
5/484CHE,"5/4in X 8in X 4ft  Cherry",Cherry,20.00,5/4
5/4216CHE,"5/4in X 2in X 16ft  Cherry",Cherry,20.00,5/4
5/8612CHE,"5/8in X 6in X 12ft  Cherry",Cherry,20.70,5/8
1-1/2310CHE,"1-1/2in X 3in X 10ft  Cherry",Cherry,22.50,1-1/2
3/4610CHE,"3/4in X 6in X 10ft  Cherry",Cherry,22.50,3/4
3/81012CHE,"3/8in X 10in X 12ft  Cherry",Cherry,22.50,3/8
3/81210CHE,"3/8in X 12in X 10ft  Cherry",Cherry,22.50,3/8
5/4312CHE,"5/4in X 3in X 12ft  Cherry",Cherry,22.50,5/4
5/8108CHE,"5/8in X 10in X 8ft  Cherry",Cherry,23.00,5/8
5/8810CHE,"5/8in X 8in X 10ft  Cherry",Cherry,23.00,5/8
1412CHE,"1in X 4in X 12ft  Cherry",Cherry,24.00,1
1124CHE,"1in X 12in X 4ft  Cherry",Cherry,24.00,1
1316CHE,"1in X 3in X 16ft  Cherry",Cherry,24.00,1
168CHE,"1in X 6in X 8ft  Cherry",Cherry,24.00,1
1-1/284CHE,"1-1/2in X 8in X 4ft  Cherry",Cherry,24.00,1-1/2
1-1/2216CHE,"1-1/2in X 2in X 16ft  Cherry",Cherry,24.00,1-1/2
1-1/248CHE,"1-1/2in X 4in X 8ft  Cherry",Cherry,24.00,1-1/2
1/2812CHE,"1/2in X 8in X 12ft  Cherry",Cherry,24.00,1/2
1/2128CHE,"1/2in X 12in X 8ft  Cherry",Cherry,24.00,1/2
1/2616CHE,"1/2in X 6in X 16ft  Cherry",Cherry,24.00,1/2
1/41216CHE,"1/4in X 12in X 16ft  Cherry",Cherry,24.00,1/4
264CHE,"2in X 6in X 4ft  Cherry",Cherry,24.00,2
238CHE,"2in X 3in X 8ft  Cherry",Cherry,24.00,2
2212CHE,"2in X 2in X 12ft  Cherry",Cherry,24.00,2
3/4416CHE,"3/4in X 4in X 16ft  Cherry",Cherry,24.00,3/4
3/488CHE,"3/4in X 8in X 8ft  Cherry",Cherry,24.00,3/4
3/8816CHE,"3/8in X 8in X 16ft  Cherry",Cherry,24.00,3/8
1/21010CHE,"1/2in X 10in X 10ft  Cherry",Cherry,25.00,1/2
5/4104CHE,"5/4in X 10in X 4ft  Cherry",Cherry,25.00,5/4
5/4410CHE,"5/4in X 4in X 10ft  Cherry",Cherry,25.00,5/4
1-1/2312CHE,"1-1/2in X 3in X 12ft  Cherry",Cherry,27.00,1-1/2
3/4612CHE,"3/4in X 6in X 12ft  Cherry",Cherry,27.00,3/4
3/81212CHE,"3/8in X 12in X 12ft  Cherry",Cherry,27.00,3/8
5/8812CHE,"5/8in X 8in X 12ft  Cherry",Cherry,27.60,5/8
5/8128CHE,"5/8in X 12in X 8ft  Cherry",Cherry,27.60,5/8
5/8616CHE,"5/8in X 6in X 16ft  Cherry",Cherry,27.60,5/8
5/81010CHE,"5/8in X 10in X 10ft  Cherry",Cherry,28.75,5/8
1610CHE,"1in X 6in X 10ft  Cherry",Cherry,30.00,1
1-1/2104CHE,"1-1/2in X 10in X 4ft  Cherry",Cherry,30.00,1-1/2
1-1/2410CHE,"1-1/2in X 4in X 10ft  Cherry",Cherry,30.00,1-1/2
1/21012CHE,"1/2in X 10in X 12ft  Cherry",Cherry,30.00,1/2
1/21210CHE,"1/2in X 12in X 10ft  Cherry",Cherry,30.00,1/2
2310CHE,"2in X 3in X 10ft  Cherry",Cherry,30.00,2
3/4810CHE,"3/4in X 8in X 10ft  Cherry",Cherry,30.00,3/4
3/4108CHE,"3/4in X 10in X 8ft  Cherry",Cherry,30.00,3/4
3/81016CHE,"3/8in X 10in X 16ft  Cherry",Cherry,30.00,3/8
434CHE,"4in X 3in X 4ft  Cherry",Cherry,30.00,4
5/468CHE,"5/4in X 6in X 8ft  Cherry",Cherry,30.00,5/4
5/4412CHE,"5/4in X 4in X 12ft  Cherry",Cherry,30.00,5/4
5/4316CHE,"5/4in X 3in X 16ft  Cherry",Cherry,30.00,5/4
5/4124CHE,"5/4in X 12in X 4ft  Cherry",Cherry,30.00,5/4
624CHE,"6in X 2in X 4ft  Cherry",Cherry,30.00,6
1416CHE,"1in X 4in X 16ft  Cherry",Cherry,32.00,1
188CHE,"1in X 8in X 8ft  Cherry",Cherry,32.00,1
1/2816CHE,"1/2in X 8in X 16ft  Cherry",Cherry,32.00,1/2
248CHE,"2in X 4in X 8ft  Cherry",Cherry,32.00,2
284CHE,"2in X 8in X 4ft  Cherry",Cherry,32.00,2
2216CHE,"2in X 2in X 16ft  Cherry",Cherry,32.00,2
1310CHY,"1in X 3in X 10ft  Cherry",Cherry,33.00,1
5/81210CHE,"5/8in X 12in X 10ft  Cherry",Cherry,34.50,5/8
5/81012CHE,"5/8in X 10in X 12ft  Cherry",Cherry,34.50,5/8
1612CHE,"1in X 6in X 12ft  Cherry",Cherry,36.00,1
1-1/2124CHE,"1-1/2in X 12in X 4ft  Cherry",Cherry,36.00,1-1/2
1-1/2316CHE,"1-1/2in X 3in X 16ft  Cherry",Cherry,36.00,1-1/2
1-1/2412CHE,"1-1/2in X 4in X 12ft  Cherry",Cherry,36.00,1-1/2
1-1/268CHE,"1-1/2in X 6in X 8ft  Cherry",Cherry,36.00,1-1/2
1/21212CHE,"1/2in X 12in X 12ft  Cherry",Cherry,36.00,1/2
2312CHE,"2in X 3in X 12ft  Cherry",Cherry,36.00,2
3/4616CHE,"3/4in X 6in X 16ft  Cherry",Cherry,36.00,3/4
3/4812CHE,"3/4in X 8in X 12ft  Cherry",Cherry,36.00,3/4
3/4128CHE,"3/4in X 12in X 8ft  Cherry",Cherry,36.00,3/4
3/81216CHE,"3/8in X 12in X 16ft  Cherry",Cherry,36.00,3/8
5/8816CHE,"5/8in X 8in X 16ft  Cherry",Cherry,36.80,5/8
3/41010CHE,"3/4in X 10in X 10ft  Cherry",Cherry,37.50,3/4
5/4610CHE,"5/4in X 6in X 10ft  Cherry",Cherry,37.50,5/4
1810CHE,"1in X 8in X 10ft  Cherry",Cherry,40.00,1
1108CHE,"1in X 10in X 8ft  Cherry",Cherry,40.00,1
1/21016CHE,"1/2in X 10in X 16ft  Cherry",Cherry,40.00,1/2
2410CHE,"2in X 4in X 10ft  Cherry",Cherry,40.00,2
2104CHE,"2in X 10in X 4ft  Cherry",Cherry,40.00,2
428CHE,"4in X 2in X 8ft  Cherry",Cherry,40.00,4
444CHE,"4in X 4in X 4ft  Cherry",Cherry,40.00,4
5/4416CHE,"5/4in X 4in X 16ft  Cherry",Cherry,40.00,5/4
5/488CHE,"5/4in X 8in X 8ft  Cherry",Cherry,40.00,5/4
5/81212CHE,"5/8in X 12in X 12ft  Cherry",Cherry,41.40,5/8
2210CHY,"2in X 2in X 10ft  Cherry",Cherry,44.00,2
1-1/2610CHE,"1-1/2in X 6in X 10ft  Cherry",Cherry,45.00,1-1/2
3/41210CHE,"3/4in X 12in X 10ft  Cherry",Cherry,45.00,3/4
3/41012CHE,"3/4in X 10in X 12ft  Cherry",Cherry,45.00,3/4
5/4612CHE,"5/4in X 6in X 12ft  Cherry",Cherry,45.00,5/4
634CHE,"6in X 3in X 4ft  Cherry",Cherry,45.00,6
5/81016CHE,"5/8in X 10in X 16ft  Cherry",Cherry,46.00,5/8
1616CHE,"1in X 6in X 16ft  Cherry",Cherry,48.00,1
1812CHE,"1in X 8in X 12ft  Cherry",Cherry,48.00,1
1128CHE,"1in X 12in X 8ft  Cherry",Cherry,48.00,1
1-1/288CHE,"1-1/2in X 8in X 8ft  Cherry",Cherry,48.00,1-1/2
1-1/2416CHE,"1-1/2in X 4in X 16ft  Cherry",Cherry,48.00,1-1/2
1/21216CHE,"1/2in X 12in X 16ft  Cherry",Cherry,48.00,1/2
2124CHE,"2in X 12in X 4ft  Cherry",Cherry,48.00,2
2316CHE,"2in X 3in X 16ft  Cherry",Cherry,48.00,2
268CHE,"2in X 6in X 8ft  Cherry",Cherry,48.00,2
2412CHE,"2in X 4in X 12ft  Cherry",Cherry,48.00,2
3/4816CHE,"3/4in X 8in X 16ft  Cherry",Cherry,48.00,3/4
11010CHE,"1in X 10in X 10ft  Cherry",Cherry,50.00,1
1024CHE,"10in X 2in X 4ft  Cherry",Cherry,50.00,10
4210CHE,"4in X 2in X 10ft  Cherry",Cherry,50.00,4
5/4108CHE,"5/4in X 10in X 8ft  Cherry",Cherry,50.00,5/4
5/4810CHE,"5/4in X 8in X 10ft  Cherry",Cherry,50.00,5/4
1-1/2612CHE,"1-1/2in X 6in X 12ft  Cherry",Cherry,54.00,1-1/2
3/41212CHE,"3/4in X 12in X 12ft  Cherry",Cherry,54.00,3/4
5/81216CHE,"5/8in X 12in X 16ft  Cherry",Cherry,55.20,5/8
11210CHE,"1in X 12in X 10ft  Cherry",Cherry,60.00,1
11012CHE,"1in X 10in X 12ft  Cherry",Cherry,60.00,1
1-1/2810CHE,"1-1/2in X 8in X 10ft  Cherry",Cherry,60.00,1-1/2
1-1/2108CHE,"1-1/2in X 10in X 8ft  Cherry",Cherry,60.00,1-1/2
1224CHE,"12in X 2in X 4ft  Cherry",Cherry,60.00,12
2610CHE,"2in X 6in X 10ft  Cherry",Cherry,60.00,2
3/41016CHE,"3/4in X 10in X 16ft  Cherry",Cherry,60.00,3/4
4212CHE,"4in X 2in X 12ft  Cherry",Cherry,60.00,4
464CHE,"4in X 6in X 4ft  Cherry",Cherry,60.00,4
438CHE,"4in X 3in X 8ft  Cherry",Cherry,60.00,4
5/4128CHE,"5/4in X 12in X 8ft  Cherry",Cherry,60.00,5/4
5/4616CHE,"5/4in X 6in X 16ft  Cherry",Cherry,60.00,5/4
5/4812CHE,"5/4in X 8in X 12ft  Cherry",Cherry,60.00,5/4
628CHE,"6in X 2in X 8ft  Cherry",Cherry,60.00,6
644CHE,"6in X 4in X 4ft  Cherry",Cherry,60.00,6
5/41010CHE,"5/4in X 10in X 10ft  Cherry",Cherry,62.50,5/4
1816CHE,"1in X 8in X 16ft  Cherry",Cherry,64.00,1
288CHE,"2in X 8in X 8ft  Cherry",Cherry,64.00,2
2416CHE,"2in X 4in X 16ft  Cherry",Cherry,64.00,2
11212CHE,"1in X 12in X 12ft  Cherry",Cherry,72.00,1
1-1/2812CHE,"1-1/2in X 8in X 12ft  Cherry",Cherry,72.00,1-1/2
1-1/2616CHE,"1-1/2in X 6in X 16ft  Cherry",Cherry,72.00,1-1/2
1-1/2128CHE,"1-1/2in X 12in X 8ft  Cherry",Cherry,72.00,1-1/2
2612CHE,"2in X 6in X 12ft  Cherry",Cherry,72.00,2
3/41216CHE,"3/4in X 12in X 16ft  Cherry",Cherry,72.00,3/4
1-1/21010CHE,"1-1/2in X 10in X 10ft  Cherry",Cherry,75.00,1-1/2
1034CHE,"10in X 3in X 4ft  Cherry",Cherry,75.00,10
4310CHE,"4in X 3in X 10ft  Cherry",Cherry,75.00,4
5/41012CHE,"5/4in X 10in X 12ft  Cherry",Cherry,75.00,5/4
5/41210CHE,"5/4in X 12in X 10ft  Cherry",Cherry,75.00,5/4
6210CHE,"6in X 2in X 10ft  Cherry",Cherry,75.00,6
11016CHE,"1in X 10in X 16ft  Cherry",Cherry,80.00,1
2108CHE,"2in X 10in X 8ft  Cherry",Cherry,80.00,2
2810CHE,"2in X 8in X 10ft  Cherry",Cherry,80.00,2
4216CHE,"4in X 2in X 16ft  Cherry",Cherry,80.00,4
484CHE,"4in X 8in X 4ft  Cherry",Cherry,80.00,4
448CHE,"4in X 4in X 8ft  Cherry",Cherry,80.00,4
5/4816CHE,"5/4in X 8in X 16ft  Cherry",Cherry,80.00,5/4
1-1/21012CHE,"1-1/2in X 10in X 12ft  Cherry",Cherry,90.00,1-1/2
1-1/21210CHE,"1-1/2in X 12in X 10ft  Cherry",Cherry,90.00,1-1/2
1234CHE,"12in X 3in X 4ft  Cherry",Cherry,90.00,12
4312CHE,"4in X 3in X 12ft  Cherry",Cherry,90.00,4
5/41212CHE,"5/4in X 12in X 12ft  Cherry",Cherry,90.00,5/4
6212CHE,"6in X 2in X 12ft  Cherry",Cherry,90.00,6
638CHE,"6in X 3in X 8ft  Cherry",Cherry,90.00,6
664CHE,"6in X 6in X 4ft  Cherry",Cherry,90.00,6
11216CHE,"1in X 12in X 16ft  Cherry",Cherry,96.00,1
1-1/2816CHE,"1-1/2in X 8in X 16ft  Cherry",Cherry,96.00,1-1/2
2616CHE,"2in X 6in X 16ft  Cherry",Cherry,96.00,2
2128CHE,"2in X 12in X 8ft  Cherry",Cherry,96.00,2
2812CHE,"2in X 8in X 12ft  Cherry",Cherry,96.00,2
1044CHE,"10in X 4in X 4ft  Cherry",Cherry,100.00,10
1028CHE,"10in X 2in X 8ft  Cherry",Cherry,100.00,10
21010CHE,"2in X 10in X 10ft  Cherry",Cherry,100.00,2
4104CHE,"4in X 10in X 4ft  Cherry",Cherry,100.00,4
4410CHE,"4in X 4in X 10ft  Cherry",Cherry,100.00,4
5/41016CHE,"5/4in X 10in X 16ft  Cherry",Cherry,100.00,5/4
1-1/21212CHE,"1-1/2in X 12in X 12ft  Cherry",Cherry,108.00,1-1/2
6310CHE,"6in X 3in X 10ft  Cherry",Cherry,112.50,6
1-1/21016CHE,"1-1/2in X 10in X 16ft  Cherry",Cherry,120.00,1-1/2
1228CHE,"12in X 2in X 8ft  Cherry",Cherry,120.00,12
1244CHE,"12in X 4in X 4ft  Cherry",Cherry,120.00,12
21012CHE,"2in X 10in X 12ft  Cherry",Cherry,120.00,2
21210CHE,"2in X 12in X 10ft  Cherry",Cherry,120.00,2
4412CHE,"4in X 4in X 12ft  Cherry",Cherry,120.00,4
4124CHE,"4in X 12in X 4ft  Cherry",Cherry,120.00,4
468CHE,"4in X 6in X 8ft  Cherry",Cherry,120.00,4
4316CHE,"4in X 3in X 16ft  Cherry",Cherry,120.00,4
5/41216CHE,"5/4in X 12in X 16ft  Cherry",Cherry,120.00,5/4
6216CHE,"6in X 2in X 16ft  Cherry",Cherry,120.00,6
684CHE,"6in X 8in X 4ft  Cherry",Cherry,120.00,6
648CHE,"6in X 4in X 8ft  Cherry",Cherry,120.00,6
10210CHE,"10in X 2in X 10ft  Cherry",Cherry,125.00,10
2816CHE,"2in X 8in X 16ft  Cherry",Cherry,128.00,2
6312CHE,"6in X 3in X 12ft  Cherry",Cherry,135.00,6
1-1/21216CHE,"1-1/2in X 12in X 16ft  Cherry",Cherry,144.00,1-1/2
21212CHE,"2in X 12in X 12ft  Cherry",Cherry,144.00,2
1064CHE,"10in X 6in X 4ft  Cherry",Cherry,150.00,10
10212CHE,"10in X 2in X 12ft  Cherry",Cherry,150.00,10
1038CHE,"10in X 3in X 8ft  Cherry",Cherry,150.00,10
12210CHE,"12in X 2in X 10ft  Cherry",Cherry,150.00,12
4610CHE,"4in X 6in X 10ft  Cherry",Cherry,150.00,4
6410CHE,"6in X 4in X 10ft  Cherry",Cherry,150.00,6
6104CHE,"6in X 10in X 4ft  Cherry",Cherry,150.00,6
21016CHE,"2in X 10in X 16ft  Cherry",Cherry,160.00,2
4416CHE,"4in X 4in X 16ft  Cherry",Cherry,160.00,4
488CHE,"4in X 8in X 8ft  Cherry",Cherry,160.00,4
3/4410CHY,"3/4in X 4in X 10ft  Cherry",Cherry,165.00,3/4
1264CHE,"12in X 6in X 4ft  Cherry",Cherry,180.00,12
12212CHE,"12in X 2in X 12ft  Cherry",Cherry,180.00,12
1238CHE,"12in X 3in X 8ft  Cherry",Cherry,180.00,12
4612CHE,"4in X 6in X 12ft  Cherry",Cherry,180.00,4
6412CHE,"6in X 4in X 12ft  Cherry",Cherry,180.00,6
668CHE,"6in X 6in X 8ft  Cherry",Cherry,180.00,6
6124CHE,"6in X 12in X 4ft  Cherry",Cherry,180.00,6
6316CHE,"6in X 3in X 16ft  Cherry",Cherry,180.00,6
10310CHE,"10in X 3in X 10ft  Cherry",Cherry,187.50,10
21216CHE,"2in X 12in X 16ft  Cherry",Cherry,192.00,2
1084CHE,"10in X 8in X 4ft  Cherry",Cherry,200.00,10
1048CHE,"10in X 4in X 8ft  Cherry",Cherry,200.00,10
10216CHE,"10in X 2in X 16ft  Cherry",Cherry,200.00,10
4810CHE,"4in X 8in X 10ft  Cherry",Cherry,200.00,4
4108CHE,"4in X 10in X 8ft  Cherry",Cherry,200.00,4
10312CHE,"10in X 3in X 12ft  Cherry",Cherry,225.00,10
12310CHE,"12in X 3in X 10ft  Cherry",Cherry,225.00,12
6610CHE,"6in X 6in X 10ft  Cherry",Cherry,225.00,6
12216CHE,"12in X 2in X 16ft  Cherry",Cherry,240.00,12
1284CHE,"12in X 8in X 4ft  Cherry",Cherry,240.00,12
1248CHE,"12in X 4in X 8ft  Cherry",Cherry,240.00,12
4128CHE,"4in X 12in X 8ft  Cherry",Cherry,240.00,4
4812CHE,"4in X 8in X 12ft  Cherry",Cherry,240.00,4
4616CHE,"4in X 6in X 16ft  Cherry",Cherry,240.00,4
6416CHE,"6in X 4in X 16ft  Cherry",Cherry,240.00,6
688CHE,"6in X 8in X 8ft  Cherry",Cherry,240.00,6
10104CHE,"10in X 10in X 4ft  Cherry",Cherry,250.00,10
10410CHE,"10in X 4in X 10ft  Cherry",Cherry,250.00,10
41010CHE,"4in X 10in X 10ft  Cherry",Cherry,250.00,4
12312CHE,"12in X 3in X 12ft  Cherry",Cherry,270.00,12
6612CHE,"6in X 6in X 12ft  Cherry",Cherry,270.00,6
10124CHE,"10in X 12in X 4ft  Cherry",Cherry,300.00,10
1068CHE,"10in X 6in X 8ft  Cherry",Cherry,300.00,10
10316CHE,"10in X 3in X 16ft  Cherry",Cherry,300.00,10
10412CHE,"10in X 4in X 12ft  Cherry",Cherry,300.00,10
12410CHE,"12in X 4in X 10ft  Cherry",Cherry,300.00,12
12104CHE,"12in X 10in X 4ft  Cherry",Cherry,300.00,12
41210CHE,"4in X 12in X 10ft  Cherry",Cherry,300.00,4
41012CHE,"4in X 10in X 12ft  Cherry",Cherry,300.00,4
6810CHE,"6in X 8in X 10ft  Cherry",Cherry,300.00,6
6108CHE,"6in X 10in X 8ft  Cherry",Cherry,300.00,6
4816CHE,"4in X 8in X 16ft  Cherry",Cherry,320.00,4
12124CHE,"12in X 12in X 4ft  Cherry",Cherry,360.00,12
12412CHE,"12in X 4in X 12ft  Cherry",Cherry,360.00,12
12316CHE,"12in X 3in X 16ft  Cherry",Cherry,360.00,12
1268CHE,"12in X 6in X 8ft  Cherry",Cherry,360.00,12
41212CHE,"4in X 12in X 12ft  Cherry",Cherry,360.00,4
6616CHE,"6in X 6in X 16ft  Cherry",Cherry,360.00,6
6812CHE,"6in X 8in X 12ft  Cherry",Cherry,360.00,6
6128CHE,"6in X 12in X 8ft  Cherry",Cherry,360.00,6
10610CHE,"10in X 6in X 10ft  Cherry",Cherry,375.00,10
61010CHE,"6in X 10in X 10ft  Cherry",Cherry,375.00,6
1088CHE,"10in X 8in X 8ft  Cherry",Cherry,400.00,10
10416CHE,"10in X 4in X 16ft  Cherry",Cherry,400.00,10
41016CHE,"4in X 10in X 16ft  Cherry",Cherry,400.00,4
10612CHE,"10in X 6in X 12ft  Cherry",Cherry,450.00,10
12610CHE,"12in X 6in X 10ft  Cherry",Cherry,450.00,12
61210CHE,"6in X 12in X 10ft  Cherry",Cherry,450.00,6
61012CHE,"6in X 10in X 12ft  Cherry",Cherry,450.00,6
1288CHE,"12in X 8in X 8ft  Cherry",Cherry,480.00,12
12416CHE,"12in X 4in X 16ft  Cherry",Cherry,480.00,12
41216CHE,"4in X 12in X 16ft  Cherry",Cherry,480.00,4
6816CHE,"6in X 8in X 16ft  Cherry",Cherry,480.00,6
10810CHE,"10in X 8in X 10ft  Cherry",Cherry,500.00,10
10108CHE,"10in X 10in X 8ft  Cherry",Cherry,500.00,10
12612CHE,"12in X 6in X 12ft  Cherry",Cherry,540.00,12
61212CHE,"6in X 12in X 12ft  Cherry",Cherry,540.00,6
10616CHE,"10in X 6in X 16ft  Cherry",Cherry,600.00,10
10812CHE,"10in X 8in X 12ft  Cherry",Cherry,600.00,10
10128CHE,"10in X 12in X 8ft  Cherry",Cherry,600.00,10
12108CHE,"12in X 10in X 8ft  Cherry",Cherry,600.00,12
12810CHE,"12in X 8in X 10ft  Cherry",Cherry,600.00,12
61016CHE,"6in X 10in X 16ft  Cherry",Cherry,600.00,6
101010CHE,"10in X 10in X 10ft  Cherry",Cherry,625.00,10
12128CHE,"12in X 12in X 8ft  Cherry",Cherry,720.00,12
12616CHE,"12in X 6in X 16ft  Cherry",Cherry,720.00,12
12812CHE,"12in X 8in X 12ft  Cherry",Cherry,720.00,12
61216CHE,"6in X 12in X 16ft  Cherry",Cherry,720.00,6
101210CHE,"10in X 12in X 10ft  Cherry",Cherry,750.00,10
101012CHE,"10in X 10in X 12ft  Cherry",Cherry,750.00,10
121010CHE,"12in X 10in X 10ft  Cherry",Cherry,750.00,12
10816CHE,"10in X 8in X 16ft  Cherry",Cherry,800.00,10
101212CHE,"10in X 12in X 12ft  Cherry",Cherry,900.00,10
121012CHE,"12in X 10in X 12ft  Cherry",Cherry,900.00,12
121210CHE,"12in X 12in X 10ft  Cherry",Cherry,900.00,12
12816CHE,"12in X 8in X 16ft  Cherry",Cherry,960.00,12
101016CHE,"10in X 10in X 16ft  Cherry",Cherry,1000.00,10
121212CHE,"12in X 12in X 12ft  Cherry",Cherry,1080.00,12
101216CHE,"10in X 12in X 16ft  Cherry",Cherry,1200.00,10
121016CHE,"12in X 10in X 16ft  Cherry",Cherry,1200.00,12
121216CHE,"12in X 12in X 16ft  Cherry",Cherry,1440.00,12
1/424PIN,"1/4in X 2in X 4ft  Pine",Pine,0.50,1/4
1/434PIN,"1/4in X 3in X 4ft  Pine",Pine,0.75,1/4
3/824PIN,"3/8in X 2in X 4ft  Pine",Pine,0.75,3/8
1/224PIN,"1/2in X 2in X 4ft  Pine",Pine,1.00,1/2
1/444PIN,"1/4in X 4in X 4ft  Pine",Pine,1.00,1/4
1/428PIN,"1/4in X 2in X 8ft  Pine",Pine,1.00,1/4
3/834PIN,"3/8in X 3in X 4ft  Pine",Pine,1.13,3/8
5/824PIN,"5/8in X 2in X 4ft  Pine",Pine,1.15,5/8
1/4210PIN,"1/4in X 2in X 10ft  Pine",Pine,1.25,1/4
1/234PIN,"1/2in X 3in X 4ft  Pine",Pine,1.50,1/2
1/4212PIN,"1/4in X 2in X 12ft  Pine",Pine,1.50,1/4
1/438PIN,"1/4in X 3in X 8ft  Pine",Pine,1.50,1/4
1/464PIN,"1/4in X 6in X 4ft  Pine",Pine,1.50,1/4
3/424PIN,"3/4in X 2in X 4ft  Pine",Pine,1.50,3/4
3/844PIN,"3/8in X 4in X 4ft  Pine",Pine,1.50,3/8
3/828PIN,"3/8in X 2in X 8ft  Pine",Pine,1.50,3/8
5/834PIN,"5/8in X 3in X 4ft  Pine",Pine,1.73,5/8
1/4310PIN,"1/4in X 3in X 10ft  Pine",Pine,1.88,1/4
3/8210PIN,"3/8in X 2in X 10ft  Pine",Pine,1.88,3/8
124PIN,"1in X 2in X 4ft  Pine",Pine,2.00,1
1/228PIN,"1/2in X 2in X 8ft  Pine",Pine,2.00,1/2
1/244PIN,"1/2in X 4in X 4ft  Pine",Pine,2.00,1/2
1/448PIN,"1/4in X 4in X 8ft  Pine",Pine,2.00,1/4
1/484PIN,"1/4in X 8in X 4ft  Pine",Pine,2.00,1/4
1/4216PIN,"1/4in X 2in X 16ft  Pine",Pine,2.00,1/4
1/4312PIN,"1/4in X 3in X 12ft  Pine",Pine,2.25,1/4
3/434PIN,"3/4in X 3in X 4ft  Pine",Pine,2.25,3/4
3/838PIN,"3/8in X 3in X 8ft  Pine",Pine,2.25,3/8
3/864PIN,"3/8in X 6in X 4ft  Pine",Pine,2.25,3/8
3/8212PIN,"3/8in X 2in X 12ft  Pine",Pine,2.25,3/8
5/844PIN,"5/8in X 4in X 4ft  Pine",Pine,2.30,5/8
5/828PIN,"5/8in X 2in X 8ft  Pine",Pine,2.30,5/8
1/2210PIN,"1/2in X 2in X 10ft  Pine",Pine,2.50,1/2
1/4410PIN,"1/4in X 4in X 10ft  Pine",Pine,2.50,1/4
1/4104PIN,"1/4in X 10in X 4ft  Pine",Pine,2.50,1/4
5/424PIN,"5/4in X 2in X 4ft  Pine",Pine,2.50,5/4
3/8310PIN,"3/8in X 3in X 10ft  Pine",Pine,2.81,3/8
5/8210PIN,"5/8in X 2in X 10ft  Pine",Pine,2.88,5/8
134PIN,"1in X 3in X 4ft  Pine",Pine,3.00,1
1-1/224PIN,"1-1/2in X 2in X 4ft  Pine",Pine,3.00,1-1/2
1/238PIN,"1/2in X 3in X 8ft  Pine",Pine,3.00,1/2
1/264PIN,"1/2in X 6in X 4ft  Pine",Pine,3.00,1/2
1/2212PIN,"1/2in X 2in X 12ft  Pine",Pine,3.00,1/2
1/4412PIN,"1/4in X 4in X 12ft  Pine",Pine,3.00,1/4
1/4316PIN,"1/4in X 3in X 16ft  Pine",Pine,3.00,1/4
1/4124PIN,"1/4in X 12in X 4ft  Pine",Pine,3.00,1/4
1/468PIN,"1/4in X 6in X 8ft  Pine",Pine,3.00,1/4
3/428PIN,"3/4in X 2in X 8ft  Pine",Pine,3.00,3/4
3/444PIN,"3/4in X 4in X 4ft  Pine",Pine,3.00,3/4
3/848PIN,"3/8in X 4in X 8ft  Pine",Pine,3.00,3/8
3/8216PIN,"3/8in X 2in X 16ft  Pine",Pine,3.00,3/8
3/884PIN,"3/8in X 8in X 4ft  Pine",Pine,3.00,3/8
3/8312PIN,"3/8in X 3in X 12ft  Pine",Pine,3.38,3/8
5/8212PIN,"5/8in X 2in X 12ft  Pine",Pine,3.45,5/8
5/838PIN,"5/8in X 3in X 8ft  Pine",Pine,3.45,5/8
5/864PIN,"5/8in X 6in X 4ft  Pine",Pine,3.45,5/8
1/2310PIN,"1/2in X 3in X 10ft  Pine",Pine,3.75,1/2
1/4610PIN,"1/4in X 6in X 10ft  Pine",Pine,3.75,1/4
3/4210PIN,"3/4in X 2in X 10ft  Pine",Pine,3.75,3/4
3/8104PIN,"3/8in X 10in X 4ft  Pine",Pine,3.75,3/8
3/8410PIN,"3/8in X 4in X 10ft  Pine",Pine,3.75,3/8
5/434PIN,"5/4in X 3in X 4ft  Pine",Pine,3.75,5/4
144PIN,"1in X 4in X 4ft  Pine",Pine,4.00,1
128PIN,"1in X 2in X 8ft  Pine",Pine,4.00,1
1/248PIN,"1/2in X 4in X 8ft  Pine",Pine,4.00,1/2
1/284PIN,"1/2in X 8in X 4ft  Pine",Pine,4.00,1/2
1/2216PIN,"1/2in X 2in X 16ft  Pine",Pine,4.00,1/2
1/488PIN,"1/4in X 8in X 8ft  Pine",Pine,4.00,1/4
1/4416PIN,"1/4in X 4in X 16ft  Pine",Pine,4.00,1/4
224PIN,"2in X 2in X 4ft  Pine",Pine,4.00,2
5/8310PIN,"5/8in X 3in X 10ft  Pine",Pine,4.31,5/8
1-1/234PIN,"1-1/2in X 3in X 4ft  Pine",Pine,4.50,1-1/2
1/2312PIN,"1/2in X 3in X 12ft  Pine",Pine,4.50,1/2
1/4612PIN,"1/4in X 6in X 12ft  Pine",Pine,4.50,1/4
3/438PIN,"3/4in X 3in X 8ft  Pine",Pine,4.50,3/4
3/4212PIN,"3/4in X 2in X 12ft  Pine",Pine,4.50,3/4
3/464PIN,"3/4in X 6in X 4ft  Pine",Pine,4.50,3/4
3/8316PIN,"3/8in X 3in X 16ft  Pine",Pine,4.50,3/8
3/8124PIN,"3/8in X 12in X 4ft  Pine",Pine,4.50,3/8
3/8412PIN,"3/8in X 4in X 12ft  Pine",Pine,4.50,3/8
3/868PIN,"3/8in X 6in X 8ft  Pine",Pine,4.50,3/8
5/848PIN,"5/8in X 4in X 8ft  Pine",Pine,4.60,5/8
5/8216PIN,"5/8in X 2in X 16ft  Pine",Pine,4.60,5/8
5/884PIN,"5/8in X 8in X 4ft  Pine",Pine,4.60,5/8
1210PIN,"1in X 2in X 10ft  Pine",Pine,5.00,1
1/2104PIN,"1/2in X 10in X 4ft  Pine",Pine,5.00,1/2
1/2410PIN,"1/2in X 4in X 10ft  Pine",Pine,5.00,1/2
1/4108PIN,"1/4in X 10in X 8ft  Pine",Pine,5.00,1/4
1/4810PIN,"1/4in X 8in X 10ft  Pine",Pine,5.00,1/4
5/428PIN,"5/4in X 2in X 8ft  Pine",Pine,5.00,5/4
5/444PIN,"5/4in X 4in X 4ft  Pine",Pine,5.00,5/4
5/8312PIN,"5/8in X 3in X 12ft  Pine",Pine,5.18,5/8
3/4310PIN,"3/4in X 3in X 10ft  Pine",Pine,5.63,3/4
3/8610PIN,"3/8in X 6in X 10ft  Pine",Pine,5.63,3/8
5/8410PIN,"5/8in X 4in X 10ft  Pine",Pine,5.75,5/8
5/8104PIN,"5/8in X 10in X 4ft  Pine",Pine,5.75,5/8
164PIN,"1in X 6in X 4ft  Pine",Pine,6.00,1
1212PIN,"1in X 2in X 12ft  Pine",Pine,6.00,1
138PIN,"1in X 3in X 8ft  Pine",Pine,6.00,1
1-1/244PIN,"1-1/2in X 4in X 4ft  Pine",Pine,6.00,1-1/2
1-1/228PIN,"1-1/2in X 2in X 8ft  Pine",Pine,6.00,1-1/2
1/2316PIN,"1/2in X 3in X 16ft  Pine",Pine,6.00,1/2
1/2124PIN,"1/2in X 12in X 4ft  Pine",Pine,6.00,1/2
1/268PIN,"1/2in X 6in X 8ft  Pine",Pine,6.00,1/2
1/2412PIN,"1/2in X 4in X 12ft  Pine",Pine,6.00,1/2
1/4616PIN,"1/4in X 6in X 16ft  Pine",Pine,6.00,1/4
1/4812PIN,"1/4in X 8in X 12ft  Pine",Pine,6.00,1/4
1/4128PIN,"1/4in X 12in X 8ft  Pine",Pine,6.00,1/4
234PIN,"2in X 3in X 4ft  Pine",Pine,6.00,2
3/448PIN,"3/4in X 4in X 8ft  Pine",Pine,6.00,3/4
3/484PIN,"3/4in X 8in X 4ft  Pine",Pine,6.00,3/4
3/4216PIN,"3/4in X 2in X 16ft  Pine",Pine,6.00,3/4
3/888PIN,"3/8in X 8in X 8ft  Pine",Pine,6.00,3/8
3/8416PIN,"3/8in X 4in X 16ft  Pine",Pine,6.00,3/8
1/41010PIN,"1/4in X 10in X 10ft  Pine",Pine,6.25,1/4
5/4210PIN,"5/4in X 2in X 10ft  Pine",Pine,6.25,5/4
3/4312PIN,"3/4in X 3in X 12ft  Pine",Pine,6.75,3/4
3/8612PIN,"3/8in X 6in X 12ft  Pine",Pine,6.75,3/8
5/8124PIN,"5/8in X 12in X 4ft  Pine",Pine,6.90,5/8
5/868PIN,"5/8in X 6in X 8ft  Pine",Pine,6.90,5/8
5/8412PIN,"5/8in X 4in X 12ft  Pine",Pine,6.90,5/8
5/8316PIN,"5/8in X 3in X 16ft  Pine",Pine,6.90,5/8
1310PIN,"1in X 3in X 10ft  Pine",Pine,7.50,1
1-1/2210PIN,"1-1/2in X 2in X 10ft  Pine",Pine,7.50,1-1/2
1/2610PIN,"1/2in X 6in X 10ft  Pine",Pine,7.50,1/2
1/41210PIN,"1/4in X 12in X 10ft  Pine",Pine,7.50,1/4
1/41012PIN,"1/4in X 10in X 12ft  Pine",Pine,7.50,1/4
3/4104PIN,"3/4in X 10in X 4ft  Pine",Pine,7.50,3/4
3/4410PIN,"3/4in X 4in X 10ft  Pine",Pine,7.50,3/4
3/8810PIN,"3/8in X 8in X 10ft  Pine",Pine,7.50,3/8
3/8108PIN,"3/8in X 10in X 8ft  Pine",Pine,7.50,3/8
5/438PIN,"5/4in X 3in X 8ft  Pine",Pine,7.50,5/4
5/4212PIN,"5/4in X 2in X 12ft  Pine",Pine,7.50,5/4
5/464PIN,"5/4in X 6in X 4ft  Pine",Pine,7.50,5/4
148PIN,"1in X 4in X 8ft  Pine",Pine,8.00,1
1216PIN,"1in X 2in X 16ft  Pine",Pine,8.00,1
184PIN,"1in X 8in X 4ft  Pine",Pine,8.00,1
1/2416PIN,"1/2in X 4in X 16ft  Pine",Pine,8.00,1/2
1/288PIN,"1/2in X 8in X 8ft  Pine",Pine,8.00,1/2
1/4816PIN,"1/4in X 8in X 16ft  Pine",Pine,8.00,1/4
228PIN,"2in X 2in X 8ft  Pine",Pine,8.00,2
244PIN,"2in X 4in X 4ft  Pine",Pine,8.00,2
5/8610PIN,"5/8in X 6in X 10ft  Pine",Pine,8.63,5/8
1312PIN,"1in X 3in X 12ft  Pine",Pine,9.00,1
1-1/264PIN,"1-1/2in X 6in X 4ft  Pine",Pine,9.00,1-1/2
1-1/238PIN,"1-1/2in X 3in X 8ft  Pine",Pine,9.00,1-1/2
1-1/2212PIN,"1-1/2in X 2in X 12ft  Pine",Pine,9.00,1-1/2
1/2612PIN,"1/2in X 6in X 12ft  Pine",Pine,9.00,1/2
1/41212PIN,"1/4in X 12in X 12ft  Pine",Pine,9.00,1/4
3/4412PIN,"3/4in X 4in X 12ft  Pine",Pine,9.00,3/4
3/468PIN,"3/4in X 6in X 8ft  Pine",Pine,9.00,3/4
3/4316PIN,"3/4in X 3in X 16ft  Pine",Pine,9.00,3/4
3/4124PIN,"3/4in X 12in X 4ft  Pine",Pine,9.00,3/4
3/8616PIN,"3/8in X 6in X 16ft  Pine",Pine,9.00,3/8
3/8128PIN,"3/8in X 12in X 8ft  Pine",Pine,9.00,3/8
3/8812PIN,"3/8in X 8in X 12ft  Pine",Pine,9.00,3/8
5/888PIN,"5/8in X 8in X 8ft  Pine",Pine,9.20,5/8
5/8416PIN,"5/8in X 4in X 16ft  Pine",Pine,9.20,5/8
3/81010PIN,"3/8in X 10in X 10ft  Pine",Pine,9.38,3/8
5/4310PIN,"5/4in X 3in X 10ft  Pine",Pine,9.38,5/4
1104PIN,"1in X 10in X 4ft  Pine",Pine,10.00,1
1410PIN,"1in X 4in X 10ft  Pine",Pine,10.00,1
1/2108PIN,"1/2in X 10in X 8ft  Pine",Pine,10.00,1/2
1/2810PIN,"1/2in X 8in X 10ft  Pine",Pine,10.00,1/2
1/41016PIN,"1/4in X 10in X 16ft  Pine",Pine,10.00,1/4
2210PIN,"2in X 2in X 10ft  Pine",Pine,10.00,2
424PIN,"4in X 2in X 4ft  Pine",Pine,10.00,4
5/484PIN,"5/4in X 8in X 4ft  Pine",Pine,10.00,5/4
5/448PIN,"5/4in X 4in X 8ft  Pine",Pine,10.00,5/4
5/4216PIN,"5/4in X 2in X 16ft  Pine",Pine,10.00,5/4
5/8612PIN,"5/8in X 6in X 12ft  Pine",Pine,10.35,5/8
1-1/2310PIN,"1-1/2in X 3in X 10ft  Pine",Pine,11.25,1-1/2
3/4610PIN,"3/4in X 6in X 10ft  Pine",Pine,11.25,3/4
3/81012PIN,"3/8in X 10in X 12ft  Pine",Pine,11.25,3/8
3/81210PIN,"3/8in X 12in X 10ft  Pine",Pine,11.25,3/8
5/4312PIN,"5/4in X 3in X 12ft  Pine",Pine,11.25,5/4
5/8810PIN,"5/8in X 8in X 10ft  Pine",Pine,11.50,5/8
5/8108PIN,"5/8in X 10in X 8ft  Pine",Pine,11.50,5/8
1124PIN,"1in X 12in X 4ft  Pine",Pine,12.00,1
168PIN,"1in X 6in X 8ft  Pine",Pine,12.00,1
1412PIN,"1in X 4in X 12ft  Pine",Pine,12.00,1
1316PIN,"1in X 3in X 16ft  Pine",Pine,12.00,1
1-1/2216PIN,"1-1/2in X 2in X 16ft  Pine",Pine,12.00,1-1/2
1-1/248PIN,"1-1/2in X 4in X 8ft  Pine",Pine,12.00,1-1/2
1-1/284PIN,"1-1/2in X 8in X 4ft  Pine",Pine,12.00,1-1/2
1/2616PIN,"1/2in X 6in X 16ft  Pine",Pine,12.00,1/2
1/2812PIN,"1/2in X 8in X 12ft  Pine",Pine,12.00,1/2
1/2128PIN,"1/2in X 12in X 8ft  Pine",Pine,12.00,1/2
1/41216PIN,"1/4in X 12in X 16ft  Pine",Pine,12.00,1/4
2212PIN,"2in X 2in X 12ft  Pine",Pine,12.00,2
238PIN,"2in X 3in X 8ft  Pine",Pine,12.00,2
264PIN,"2in X 6in X 4ft  Pine",Pine,12.00,2
3/4416PIN,"3/4in X 4in X 16ft  Pine",Pine,12.00,3/4
3/488PIN,"3/4in X 8in X 8ft  Pine",Pine,12.00,3/4
3/8816PIN,"3/8in X 8in X 16ft  Pine",Pine,12.00,3/8
1/21010PIN,"1/2in X 10in X 10ft  Pine",Pine,12.50,1/2
5/4104PIN,"5/4in X 10in X 4ft  Pine",Pine,12.50,5/4
5/4410PIN,"5/4in X 4in X 10ft  Pine",Pine,12.50,5/4
1-1/2312PIN,"1-1/2in X 3in X 12ft  Pine",Pine,13.50,1-1/2
3/4612PIN,"3/4in X 6in X 12ft  Pine",Pine,13.50,3/4
3/81212PIN,"3/8in X 12in X 12ft  Pine",Pine,13.50,3/8
5/8128PIN,"5/8in X 12in X 8ft  Pine",Pine,13.80,5/8
5/8812PIN,"5/8in X 8in X 12ft  Pine",Pine,13.80,5/8
5/8616PIN,"5/8in X 6in X 16ft  Pine",Pine,13.80,5/8
5/81010PIN,"5/8in X 10in X 10ft  Pine",Pine,14.38,5/8
1610PIN,"1in X 6in X 10ft  Pine",Pine,15.00,1
1-1/2104PIN,"1-1/2in X 10in X 4ft  Pine",Pine,15.00,1-1/2
1-1/2410PIN,"1-1/2in X 4in X 10ft  Pine",Pine,15.00,1-1/2
1/21012PIN,"1/2in X 10in X 12ft  Pine",Pine,15.00,1/2
1/21210PIN,"1/2in X 12in X 10ft  Pine",Pine,15.00,1/2
2310PIN,"2in X 3in X 10ft  Pine",Pine,15.00,2
3/4810PIN,"3/4in X 8in X 10ft  Pine",Pine,15.00,3/4
3/4108PIN,"3/4in X 10in X 8ft  Pine",Pine,15.00,3/4
3/81016PIN,"3/8in X 10in X 16ft  Pine",Pine,15.00,3/8
434PIN,"4in X 3in X 4ft  Pine",Pine,15.00,4
5/4316PIN,"5/4in X 3in X 16ft  Pine",Pine,15.00,5/4
5/4124PIN,"5/4in X 12in X 4ft  Pine",Pine,15.00,5/4
5/4412PIN,"5/4in X 4in X 12ft  Pine",Pine,15.00,5/4
5/468PIN,"5/4in X 6in X 8ft  Pine",Pine,15.00,5/4
624PIN,"6in X 2in X 4ft  Pine",Pine,15.00,6
1416PIN,"1in X 4in X 16ft  Pine",Pine,16.00,1
188PIN,"1in X 8in X 8ft  Pine",Pine,16.00,1
1/2816PIN,"1/2in X 8in X 16ft  Pine",Pine,16.00,1/2
248PIN,"2in X 4in X 8ft  Pine",Pine,16.00,2
284PIN,"2in X 8in X 4ft  Pine",Pine,16.00,2
2216PIN,"2in X 2in X 16ft  Pine",Pine,16.00,2
5/81210PIN,"5/8in X 12in X 10ft  Pine",Pine,17.25,5/8
5/81012PIN,"5/8in X 10in X 12ft  Pine",Pine,17.25,5/8
1612PIN,"1in X 6in X 12ft  Pine",Pine,18.00,1
1-1/2124PIN,"1-1/2in X 12in X 4ft  Pine",Pine,18.00,1-1/2
1-1/2316PIN,"1-1/2in X 3in X 16ft  Pine",Pine,18.00,1-1/2
1-1/2412PIN,"1-1/2in X 4in X 12ft  Pine",Pine,18.00,1-1/2
1-1/268PIN,"1-1/2in X 6in X 8ft  Pine",Pine,18.00,1-1/2
1/21212PIN,"1/2in X 12in X 12ft  Pine",Pine,18.00,1/2
2312PIN,"2in X 3in X 12ft  Pine",Pine,18.00,2
3/4128PIN,"3/4in X 12in X 8ft  Pine",Pine,18.00,3/4
3/4616PIN,"3/4in X 6in X 16ft  Pine",Pine,18.00,3/4
3/4812PIN,"3/4in X 8in X 12ft  Pine",Pine,18.00,3/4
3/81216PIN,"3/8in X 12in X 16ft  Pine",Pine,18.00,3/8
5/8816PIN,"5/8in X 8in X 16ft  Pine",Pine,18.40,5/8
3/41010PIN,"3/4in X 10in X 10ft  Pine",Pine,18.75,3/4
5/4610PIN,"5/4in X 6in X 10ft  Pine",Pine,18.75,5/4
1810PIN,"1in X 8in X 10ft  Pine",Pine,20.00,1
1108PIN,"1in X 10in X 8ft  Pine",Pine,20.00,1
1/21016PIN,"1/2in X 10in X 16ft  Pine",Pine,20.00,1/2
2104PIN,"2in X 10in X 4ft  Pine",Pine,20.00,2
2410PIN,"2in X 4in X 10ft  Pine",Pine,20.00,2
444PIN,"4in X 4in X 4ft  Pine",Pine,20.00,4
428PIN,"4in X 2in X 8ft  Pine",Pine,20.00,4
5/4416PIN,"5/4in X 4in X 16ft  Pine",Pine,20.00,5/4
5/488PIN,"5/4in X 8in X 8ft  Pine",Pine,20.00,5/4
5/81212PIN,"5/8in X 12in X 12ft  Pine",Pine,20.70,5/8
1-1/2610PIN,"1-1/2in X 6in X 10ft  Pine",Pine,22.50,1-1/2
3/41210PIN,"3/4in X 12in X 10ft  Pine",Pine,22.50,3/4
3/41012PIN,"3/4in X 10in X 12ft  Pine",Pine,22.50,3/4
5/4612PIN,"5/4in X 6in X 12ft  Pine",Pine,22.50,5/4
634PIN,"6in X 3in X 4ft  Pine",Pine,22.50,6
5/81016PIN,"5/8in X 10in X 16ft  Pine",Pine,23.00,5/8
1812PIN,"1in X 8in X 12ft  Pine",Pine,24.00,1
1128PIN,"1in X 12in X 8ft  Pine",Pine,24.00,1
1616PIN,"1in X 6in X 16ft  Pine",Pine,24.00,1
1-1/288PIN,"1-1/2in X 8in X 8ft  Pine",Pine,24.00,1-1/2
1-1/2416PIN,"1-1/2in X 4in X 16ft  Pine",Pine,24.00,1-1/2
1/21216PIN,"1/2in X 12in X 16ft  Pine",Pine,24.00,1/2
268PIN,"2in X 6in X 8ft  Pine",Pine,24.00,2
2124PIN,"2in X 12in X 4ft  Pine",Pine,24.00,2
2412PIN,"2in X 4in X 12ft  Pine",Pine,24.00,2
2316PIN,"2in X 3in X 16ft  Pine",Pine,24.00,2
3/4816PIN,"3/4in X 8in X 16ft  Pine",Pine,24.00,3/4
11010PIN,"1in X 10in X 10ft  Pine",Pine,25.00,1
1024PIN,"10in X 2in X 4ft  Pine",Pine,25.00,10
4210PIN,"4in X 2in X 10ft  Pine",Pine,25.00,4
5/4108PIN,"5/4in X 10in X 8ft  Pine",Pine,25.00,5/4
5/4810PIN,"5/4in X 8in X 10ft  Pine",Pine,25.00,5/4
1-1/2612PIN,"1-1/2in X 6in X 12ft  Pine",Pine,27.00,1-1/2
3/41212PIN,"3/4in X 12in X 12ft  Pine",Pine,27.00,3/4
5/81216PIN,"5/8in X 12in X 16ft  Pine",Pine,27.60,5/8
11012PIN,"1in X 10in X 12ft  Pine",Pine,30.00,1
11210PIN,"1in X 12in X 10ft  Pine",Pine,30.00,1
1-1/2810PIN,"1-1/2in X 8in X 10ft  Pine",Pine,30.00,1-1/2
1-1/2108PIN,"1-1/2in X 10in X 8ft  Pine",Pine,30.00,1-1/2
1224PIN,"12in X 2in X 4ft  Pine",Pine,30.00,12
2610PIN,"2in X 6in X 10ft  Pine",Pine,30.00,2
3/41016PIN,"3/4in X 10in X 16ft  Pine",Pine,30.00,3/4
4212PIN,"4in X 2in X 12ft  Pine",Pine,30.00,4
464PIN,"4in X 6in X 4ft  Pine",Pine,30.00,4
438PIN,"4in X 3in X 8ft  Pine",Pine,30.00,4
5/4812PIN,"5/4in X 8in X 12ft  Pine",Pine,30.00,5/4
5/4128PIN,"5/4in X 12in X 8ft  Pine",Pine,30.00,5/4
5/4616PIN,"5/4in X 6in X 16ft  Pine",Pine,30.00,5/4
628PIN,"6in X 2in X 8ft  Pine",Pine,30.00,6
644PIN,"6in X 4in X 4ft  Pine",Pine,30.00,6
5/41010PIN,"5/4in X 10in X 10ft  Pine",Pine,31.25,5/4
1816PIN,"1in X 8in X 16ft  Pine",Pine,32.00,1
288PIN,"2in X 8in X 8ft  Pine",Pine,32.00,2
2416PIN,"2in X 4in X 16ft  Pine",Pine,32.00,2
11212PIN,"1in X 12in X 12ft  Pine",Pine,36.00,1
1-1/2616PIN,"1-1/2in X 6in X 16ft  Pine",Pine,36.00,1-1/2
1-1/2812PIN,"1-1/2in X 8in X 12ft  Pine",Pine,36.00,1-1/2
1-1/2128PIN,"1-1/2in X 12in X 8ft  Pine",Pine,36.00,1-1/2
2612PIN,"2in X 6in X 12ft  Pine",Pine,36.00,2
3/41216PIN,"3/4in X 12in X 16ft  Pine",Pine,36.00,3/4
1-1/21010PIN,"1-1/2in X 10in X 10ft  Pine",Pine,37.50,1-1/2
1034PIN,"10in X 3in X 4ft  Pine",Pine,37.50,10
4310PIN,"4in X 3in X 10ft  Pine",Pine,37.50,4
5/41210PIN,"5/4in X 12in X 10ft  Pine",Pine,37.50,5/4
5/41012PIN,"5/4in X 10in X 12ft  Pine",Pine,37.50,5/4
6210PIN,"6in X 2in X 10ft  Pine",Pine,37.50,6
11016PIN,"1in X 10in X 16ft  Pine",Pine,40.00,1
2810PIN,"2in X 8in X 10ft  Pine",Pine,40.00,2
2108PIN,"2in X 10in X 8ft  Pine",Pine,40.00,2
448PIN,"4in X 4in X 8ft  Pine",Pine,40.00,4
484PIN,"4in X 8in X 4ft  Pine",Pine,40.00,4
4216PIN,"4in X 2in X 16ft  Pine",Pine,40.00,4
5/4816PIN,"5/4in X 8in X 16ft  Pine",Pine,40.00,5/4
1-1/21210PIN,"1-1/2in X 12in X 10ft  Pine",Pine,45.00,1-1/2
1-1/21012PIN,"1-1/2in X 10in X 12ft  Pine",Pine,45.00,1-1/2
1234PIN,"12in X 3in X 4ft  Pine",Pine,45.00,12
4312PIN,"4in X 3in X 12ft  Pine",Pine,45.00,4
5/41212PIN,"5/4in X 12in X 12ft  Pine",Pine,45.00,5/4
638PIN,"6in X 3in X 8ft  Pine",Pine,45.00,6
664PIN,"6in X 6in X 4ft  Pine",Pine,45.00,6
6212PIN,"6in X 2in X 12ft  Pine",Pine,45.00,6
11216PIN,"1in X 12in X 16ft  Pine",Pine,48.00,1
1-1/2816PIN,"1-1/2in X 8in X 16ft  Pine",Pine,48.00,1-1/2
2128PIN,"2in X 12in X 8ft  Pine",Pine,48.00,2
2616PIN,"2in X 6in X 16ft  Pine",Pine,48.00,2
2812PIN,"2in X 8in X 12ft  Pine",Pine,48.00,2
1028PIN,"10in X 2in X 8ft  Pine",Pine,50.00,10
1044PIN,"10in X 4in X 4ft  Pine",Pine,50.00,10
21010PIN,"2in X 10in X 10ft  Pine",Pine,50.00,2
4104PIN,"4in X 10in X 4ft  Pine",Pine,50.00,4
4410PIN,"4in X 4in X 10ft  Pine",Pine,50.00,4
5/41016PIN,"5/4in X 10in X 16ft  Pine",Pine,50.00,5/4
1-1/21212PIN,"1-1/2in X 12in X 12ft  Pine",Pine,54.00,1-1/2
6310PIN,"6in X 3in X 10ft  Pine",Pine,56.25,6
1-1/21016PIN,"1-1/2in X 10in X 16ft  Pine",Pine,60.00,1-1/2
1228PIN,"12in X 2in X 8ft  Pine",Pine,60.00,12
1244PIN,"12in X 4in X 4ft  Pine",Pine,60.00,12
21012PIN,"2in X 10in X 12ft  Pine",Pine,60.00,2
21210PIN,"2in X 12in X 10ft  Pine",Pine,60.00,2
4316PIN,"4in X 3in X 16ft  Pine",Pine,60.00,4
468PIN,"4in X 6in X 8ft  Pine",Pine,60.00,4
4124PIN,"4in X 12in X 4ft  Pine",Pine,60.00,4
4412PIN,"4in X 4in X 12ft  Pine",Pine,60.00,4
5/41216PIN,"5/4in X 12in X 16ft  Pine",Pine,60.00,5/4
684PIN,"6in X 8in X 4ft  Pine",Pine,60.00,6
648PIN,"6in X 4in X 8ft  Pine",Pine,60.00,6
6216PIN,"6in X 2in X 16ft  Pine",Pine,60.00,6
10210PIN,"10in X 2in X 10ft  Pine",Pine,62.50,10
2816PIN,"2in X 8in X 16ft  Pine",Pine,64.00,2
6312PIN,"6in X 3in X 12ft  Pine",Pine,67.50,6
1-1/21216PIN,"1-1/2in X 12in X 16ft  Pine",Pine,72.00,1-1/2
21212PIN,"2in X 12in X 12ft  Pine",Pine,72.00,2
10212PIN,"10in X 2in X 12ft  Pine",Pine,75.00,10
1038PIN,"10in X 3in X 8ft  Pine",Pine,75.00,10
1064PIN,"10in X 6in X 4ft  Pine",Pine,75.00,10
12210PIN,"12in X 2in X 10ft  Pine",Pine,75.00,12
4610PIN,"4in X 6in X 10ft  Pine",Pine,75.00,4
6104PIN,"6in X 10in X 4ft  Pine",Pine,75.00,6
6410PIN,"6in X 4in X 10ft  Pine",Pine,75.00,6
21016PIN,"2in X 10in X 16ft  Pine",Pine,80.00,2
4416PIN,"4in X 4in X 16ft  Pine",Pine,80.00,4
488PIN,"4in X 8in X 8ft  Pine",Pine,80.00,4
1238PIN,"12in X 3in X 8ft  Pine",Pine,90.00,12
12212PIN,"12in X 2in X 12ft  Pine",Pine,90.00,12
1264PIN,"12in X 6in X 4ft  Pine",Pine,90.00,12
4612PIN,"4in X 6in X 12ft  Pine",Pine,90.00,4
6412PIN,"6in X 4in X 12ft  Pine",Pine,90.00,6
6124PIN,"6in X 12in X 4ft  Pine",Pine,90.00,6
668PIN,"6in X 6in X 8ft  Pine",Pine,90.00,6
6316PIN,"6in X 3in X 16ft  Pine",Pine,90.00,6
10310PIN,"10in X 3in X 10ft  Pine",Pine,93.75,10
21216PIN,"2in X 12in X 16ft  Pine",Pine,96.00,2
1048PIN,"10in X 4in X 8ft  Pine",Pine,100.00,10
10216PIN,"10in X 2in X 16ft  Pine",Pine,100.00,10
1084PIN,"10in X 8in X 4ft  Pine",Pine,100.00,10
4108PIN,"4in X 10in X 8ft  Pine",Pine,100.00,4
4810PIN,"4in X 8in X 10ft  Pine",Pine,100.00,4
10312PIN,"10in X 3in X 12ft  Pine",Pine,112.50,10
12310PIN,"12in X 3in X 10ft  Pine",Pine,112.50,12
6610PIN,"6in X 6in X 10ft  Pine",Pine,112.50,6
1248PIN,"12in X 4in X 8ft  Pine",Pine,120.00,12
12216PIN,"12in X 2in X 16ft  Pine",Pine,120.00,12
1284PIN,"12in X 8in X 4ft  Pine",Pine,120.00,12
4616PIN,"4in X 6in X 16ft  Pine",Pine,120.00,4
4812PIN,"4in X 8in X 12ft  Pine",Pine,120.00,4
4128PIN,"4in X 12in X 8ft  Pine",Pine,120.00,4
6416PIN,"6in X 4in X 16ft  Pine",Pine,120.00,6
688PIN,"6in X 8in X 8ft  Pine",Pine,120.00,6
10410PIN,"10in X 4in X 10ft  Pine",Pine,125.00,10
10104PIN,"10in X 10in X 4ft  Pine",Pine,125.00,10
41010PIN,"4in X 10in X 10ft  Pine",Pine,125.00,4
12312PIN,"12in X 3in X 12ft  Pine",Pine,135.00,12
6612PIN,"6in X 6in X 12ft  Pine",Pine,135.00,6
1068PIN,"10in X 6in X 8ft  Pine",Pine,150.00,10
10124PIN,"10in X 12in X 4ft  Pine",Pine,150.00,10
10412PIN,"10in X 4in X 12ft  Pine",Pine,150.00,10
10316PIN,"10in X 3in X 16ft  Pine",Pine,150.00,10
12410PIN,"12in X 4in X 10ft  Pine",Pine,150.00,12
12104PIN,"12in X 10in X 4ft  Pine",Pine,150.00,12
41012PIN,"4in X 10in X 12ft  Pine",Pine,150.00,4
41210PIN,"4in X 12in X 10ft  Pine",Pine,150.00,4
6810PIN,"6in X 8in X 10ft  Pine",Pine,150.00,6
6108PIN,"6in X 10in X 8ft  Pine",Pine,150.00,6
4816PIN,"4in X 8in X 16ft  Pine",Pine,160.00,4
12412PIN,"12in X 4in X 12ft  Pine",Pine,180.00,12
12316PIN,"12in X 3in X 16ft  Pine",Pine,180.00,12
1268PIN,"12in X 6in X 8ft  Pine",Pine,180.00,12
12124PIN,"12in X 12in X 4ft  Pine",Pine,180.00,12
41212PIN,"4in X 12in X 12ft  Pine",Pine,180.00,4
6616PIN,"6in X 6in X 16ft  Pine",Pine,180.00,6
6812PIN,"6in X 8in X 12ft  Pine",Pine,180.00,6
6128PIN,"6in X 12in X 8ft  Pine",Pine,180.00,6
10610PIN,"10in X 6in X 10ft  Pine",Pine,187.50,10
61010PIN,"6in X 10in X 10ft  Pine",Pine,187.50,6
10416PIN,"10in X 4in X 16ft  Pine",Pine,200.00,10
1088PIN,"10in X 8in X 8ft  Pine",Pine,200.00,10
41016PIN,"4in X 10in X 16ft  Pine",Pine,200.00,4
10612PIN,"10in X 6in X 12ft  Pine",Pine,225.00,10
12610PIN,"12in X 6in X 10ft  Pine",Pine,225.00,12
61210PIN,"6in X 12in X 10ft  Pine",Pine,225.00,6
61012PIN,"6in X 10in X 12ft  Pine",Pine,225.00,6
12416PIN,"12in X 4in X 16ft  Pine",Pine,240.00,12
1288PIN,"12in X 8in X 8ft  Pine",Pine,240.00,12
41216PIN,"4in X 12in X 16ft  Pine",Pine,240.00,4
6816PIN,"6in X 8in X 16ft  Pine",Pine,240.00,6
10810PIN,"10in X 8in X 10ft  Pine",Pine,250.00,10
10108PIN,"10in X 10in X 8ft  Pine",Pine,250.00,10
12612PIN,"12in X 6in X 12ft  Pine",Pine,270.00,12
61212PIN,"6in X 12in X 12ft  Pine",Pine,270.00,6
10812PIN,"10in X 8in X 12ft  Pine",Pine,300.00,10
10128PIN,"10in X 12in X 8ft  Pine",Pine,300.00,10
10616PIN,"10in X 6in X 16ft  Pine",Pine,300.00,10
12810PIN,"12in X 8in X 10ft  Pine",Pine,300.00,12
12108PIN,"12in X 10in X 8ft  Pine",Pine,300.00,12
61016PIN,"6in X 10in X 16ft  Pine",Pine,300.00,6
101010PIN,"10in X 10in X 10ft  Pine",Pine,312.50,10
12128PIN,"12in X 12in X 8ft  Pine",Pine,360.00,12
12616PIN,"12in X 6in X 16ft  Pine",Pine,360.00,12
12812PIN,"12in X 8in X 12ft  Pine",Pine,360.00,12
61216PIN,"6in X 12in X 16ft  Pine",Pine,360.00,6
101210PIN,"10in X 12in X 10ft  Pine",Pine,375.00,10
101012PIN,"10in X 10in X 12ft  Pine",Pine,375.00,10
121010PIN,"12in X 10in X 10ft  Pine",Pine,375.00,12
10816PIN,"10in X 8in X 16ft  Pine",Pine,400.00,10
101212PIN,"10in X 12in X 12ft  Pine",Pine,450.00,10
121210PIN,"12in X 12in X 10ft  Pine",Pine,450.00,12
121012PIN,"12in X 10in X 12ft  Pine",Pine,450.00,12
12816PIN,"12in X 8in X 16ft  Pine",Pine,480.00,12
101016PIN,"10in X 10in X 16ft  Pine",Pine,500.00,10
121212PIN,"12in X 12in X 12ft  Pine",Pine,540.00,12
101216PIN,"10in X 12in X 16ft  Pine",Pine,600.00,10
121016PIN,"12in X 10in X 16ft  Pine",Pine,600.00,12
121216PIN,"12in X 12in X 16ft  Pine",Pine,720.00,12
1/424WAL,"1/4in X 2in X 4ft  Walnut",Walnut,0.90,1/4
1/434WAL,"1/4in X 3in X 4ft  Walnut",Walnut,1.35,1/4
3/824WAL,"3/8in X 2in X 4ft  Walnut",Walnut,1.35,3/8
1/224WAL,"1/2in X 2in X 4ft  Walnut",Walnut,1.80,1/2
1/428WAL,"1/4in X 2in X 8ft  Walnut",Walnut,1.80,1/4
1/444WAL,"1/4in X 4in X 4ft  Walnut",Walnut,1.80,1/4
3/834WAL,"3/8in X 3in X 4ft  Walnut",Walnut,2.03,3/8
5/824WAL,"5/8in X 2in X 4ft  Walnut",Walnut,2.07,5/8
1/4210WAL,"1/4in X 2in X 10ft  Walnut",Walnut,2.25,1/4
1/234WAL,"1/2in X 3in X 4ft  Walnut",Walnut,2.70,1/2
1/438WAL,"1/4in X 3in X 8ft  Walnut",Walnut,2.70,1/4
1/4212WAL,"1/4in X 2in X 12ft  Walnut",Walnut,2.70,1/4
1/464WAL,"1/4in X 6in X 4ft  Walnut",Walnut,2.70,1/4
3/424WAL,"3/4in X 2in X 4ft  Walnut",Walnut,2.70,3/4
3/844WAL,"3/8in X 4in X 4ft  Walnut",Walnut,2.70,3/8
3/828WAL,"3/8in X 2in X 8ft  Walnut",Walnut,2.70,3/8
5/834WAL,"5/8in X 3in X 4ft  Walnut",Walnut,3.11,5/8
1/4310WAL,"1/4in X 3in X 10ft  Walnut",Walnut,3.38,1/4
3/8210WAL,"3/8in X 2in X 10ft  Walnut",Walnut,3.38,3/8
124WAL,"1in X 2in X 4ft  Walnut",Walnut,3.60,1
1/244WAL,"1/2in X 4in X 4ft  Walnut",Walnut,3.60,1/2
1/228WAL,"1/2in X 2in X 8ft  Walnut",Walnut,3.60,1/2
1/4216WAL,"1/4in X 2in X 16ft  Walnut",Walnut,3.60,1/4
1/448WAL,"1/4in X 4in X 8ft  Walnut",Walnut,3.60,1/4
1/484WAL,"1/4in X 8in X 4ft  Walnut",Walnut,3.60,1/4
1/4312WAL,"1/4in X 3in X 12ft  Walnut",Walnut,4.05,1/4
3/434WAL,"3/4in X 3in X 4ft  Walnut",Walnut,4.05,3/4
3/8212WAL,"3/8in X 2in X 12ft  Walnut",Walnut,4.05,3/8
3/864WAL,"3/8in X 6in X 4ft  Walnut",Walnut,4.05,3/8
3/838WAL,"3/8in X 3in X 8ft  Walnut",Walnut,4.05,3/8
5/828WAL,"5/8in X 2in X 8ft  Walnut",Walnut,4.14,5/8
5/844WAL,"5/8in X 4in X 4ft  Walnut",Walnut,4.14,5/8
1/2210WAL,"1/2in X 2in X 10ft  Walnut",Walnut,4.50,1/2
1/4104WAL,"1/4in X 10in X 4ft  Walnut",Walnut,4.50,1/4
1/4410WAL,"1/4in X 4in X 10ft  Walnut",Walnut,4.50,1/4
5/424WAL,"5/4in X 2in X 4ft  Walnut",Walnut,4.50,5/4
3/8310WAL,"3/8in X 3in X 10ft  Walnut",Walnut,5.06,3/8
5/8210WAL,"5/8in X 2in X 10ft  Walnut",Walnut,5.18,5/8
134WAL,"1in X 3in X 4ft  Walnut",Walnut,5.40,1
1-1/224WAL,"1-1/2in X 2in X 4ft  Walnut",Walnut,5.40,1-1/2
1/238WAL,"1/2in X 3in X 8ft  Walnut",Walnut,5.40,1/2
1/2212WAL,"1/2in X 2in X 12ft  Walnut",Walnut,5.40,1/2
1/264WAL,"1/2in X 6in X 4ft  Walnut",Walnut,5.40,1/2
1/4124WAL,"1/4in X 12in X 4ft  Walnut",Walnut,5.40,1/4
1/4412WAL,"1/4in X 4in X 12ft  Walnut",Walnut,5.40,1/4
1/468WAL,"1/4in X 6in X 8ft  Walnut",Walnut,5.40,1/4
1/4316WAL,"1/4in X 3in X 16ft  Walnut",Walnut,5.40,1/4
3/444WAL,"3/4in X 4in X 4ft  Walnut",Walnut,5.40,3/4
3/428WAL,"3/4in X 2in X 8ft  Walnut",Walnut,5.40,3/4
3/848WAL,"3/8in X 4in X 8ft  Walnut",Walnut,5.40,3/8
3/8216WAL,"3/8in X 2in X 16ft  Walnut",Walnut,5.40,3/8
3/884WAL,"3/8in X 8in X 4ft  Walnut",Walnut,5.40,3/8
3/8312WAL,"3/8in X 3in X 12ft  Walnut",Walnut,6.08,3/8
5/8212WAL,"5/8in X 2in X 12ft  Walnut",Walnut,6.21,5/8
5/864WAL,"5/8in X 6in X 4ft  Walnut",Walnut,6.21,5/8
5/838WAL,"5/8in X 3in X 8ft  Walnut",Walnut,6.21,5/8
1/2310WAL,"1/2in X 3in X 10ft  Walnut",Walnut,6.75,1/2
1/4610WAL,"1/4in X 6in X 10ft  Walnut",Walnut,6.75,1/4
3/4210WAL,"3/4in X 2in X 10ft  Walnut",Walnut,6.75,3/4
3/8410WAL,"3/8in X 4in X 10ft  Walnut",Walnut,6.75,3/8
3/8104WAL,"3/8in X 10in X 4ft  Walnut",Walnut,6.75,3/8
5/434WAL,"5/4in X 3in X 4ft  Walnut",Walnut,6.75,5/4
144WAL,"1in X 4in X 4ft  Walnut",Walnut,7.20,1
128WAL,"1in X 2in X 8ft  Walnut",Walnut,7.20,1
1/284WAL,"1/2in X 8in X 4ft  Walnut",Walnut,7.20,1/2
1/2216WAL,"1/2in X 2in X 16ft  Walnut",Walnut,7.20,1/2
1/248WAL,"1/2in X 4in X 8ft  Walnut",Walnut,7.20,1/2
1/4416WAL,"1/4in X 4in X 16ft  Walnut",Walnut,7.20,1/4
1/488WAL,"1/4in X 8in X 8ft  Walnut",Walnut,7.20,1/4
224WAL,"2in X 2in X 4ft  Walnut",Walnut,7.20,2
5/8310WAL,"5/8in X 3in X 10ft  Walnut",Walnut,7.76,5/8
1-1/234WAL,"1-1/2in X 3in X 4ft  Walnut",Walnut,8.10,1-1/2
1/2312WAL,"1/2in X 3in X 12ft  Walnut",Walnut,8.10,1/2
1/4612WAL,"1/4in X 6in X 12ft  Walnut",Walnut,8.10,1/4
3/438WAL,"3/4in X 3in X 8ft  Walnut",Walnut,8.10,3/4
3/464WAL,"3/4in X 6in X 4ft  Walnut",Walnut,8.10,3/4
3/4212WAL,"3/4in X 2in X 12ft  Walnut",Walnut,8.10,3/4
3/868WAL,"3/8in X 6in X 8ft  Walnut",Walnut,8.10,3/8
3/8316WAL,"3/8in X 3in X 16ft  Walnut",Walnut,8.10,3/8
3/8124WAL,"3/8in X 12in X 4ft  Walnut",Walnut,8.10,3/8
3/8412WAL,"3/8in X 4in X 12ft  Walnut",Walnut,8.10,3/8
5/8216WAL,"5/8in X 2in X 16ft  Walnut",Walnut,8.28,5/8
5/848WAL,"5/8in X 4in X 8ft  Walnut",Walnut,8.28,5/8
5/884WAL,"5/8in X 8in X 4ft  Walnut",Walnut,8.28,5/8
1210WAL,"1in X 2in X 10ft  Walnut",Walnut,9.00,1
1/2104WAL,"1/2in X 10in X 4ft  Walnut",Walnut,9.00,1/2
1/2410WAL,"1/2in X 4in X 10ft  Walnut",Walnut,9.00,1/2
1/4810WAL,"1/4in X 8in X 10ft  Walnut",Walnut,9.00,1/4
1/4108WAL,"1/4in X 10in X 8ft  Walnut",Walnut,9.00,1/4
5/428WAL,"5/4in X 2in X 8ft  Walnut",Walnut,9.00,5/4
5/444WAL,"5/4in X 4in X 4ft  Walnut",Walnut,9.00,5/4
5/8312WAL,"5/8in X 3in X 12ft  Walnut",Walnut,9.32,5/8
3/4310WAL,"3/4in X 3in X 10ft  Walnut",Walnut,10.13,3/4
3/8610WAL,"3/8in X 6in X 10ft  Walnut",Walnut,10.13,3/8
5/8104WAL,"5/8in X 10in X 4ft  Walnut",Walnut,10.35,5/8
5/8410WAL,"5/8in X 4in X 10ft  Walnut",Walnut,10.35,5/8
164WAL,"1in X 6in X 4ft  Walnut",Walnut,10.80,1
138WAL,"1in X 3in X 8ft  Walnut",Walnut,10.80,1
1212WAL,"1in X 2in X 12ft  Walnut",Walnut,10.80,1
1-1/244WAL,"1-1/2in X 4in X 4ft  Walnut",Walnut,10.80,1-1/2
1-1/228WAL,"1-1/2in X 2in X 8ft  Walnut",Walnut,10.80,1-1/2
1/268WAL,"1/2in X 6in X 8ft  Walnut",Walnut,10.80,1/2
1/2124WAL,"1/2in X 12in X 4ft  Walnut",Walnut,10.80,1/2
1/2412WAL,"1/2in X 4in X 12ft  Walnut",Walnut,10.80,1/2
1/2316WAL,"1/2in X 3in X 16ft  Walnut",Walnut,10.80,1/2
1/4616WAL,"1/4in X 6in X 16ft  Walnut",Walnut,10.80,1/4
1/4812WAL,"1/4in X 8in X 12ft  Walnut",Walnut,10.80,1/4
1/4128WAL,"1/4in X 12in X 8ft  Walnut",Walnut,10.80,1/4
234WAL,"2in X 3in X 4ft  Walnut",Walnut,10.80,2
3/448WAL,"3/4in X 4in X 8ft  Walnut",Walnut,10.80,3/4
3/4216WAL,"3/4in X 2in X 16ft  Walnut",Walnut,10.80,3/4
3/484WAL,"3/4in X 8in X 4ft  Walnut",Walnut,10.80,3/4
3/888WAL,"3/8in X 8in X 8ft  Walnut",Walnut,10.80,3/8
3/8416WAL,"3/8in X 4in X 16ft  Walnut",Walnut,10.80,3/8
1/41010WAL,"1/4in X 10in X 10ft  Walnut",Walnut,11.25,1/4
5/4210WAL,"5/4in X 2in X 10ft  Walnut",Walnut,11.25,5/4
3/4312WAL,"3/4in X 3in X 12ft  Walnut",Walnut,12.15,3/4
3/8612WAL,"3/8in X 6in X 12ft  Walnut",Walnut,12.15,3/8
5/8316WAL,"5/8in X 3in X 16ft  Walnut",Walnut,12.42,5/8
5/8124WAL,"5/8in X 12in X 4ft  Walnut",Walnut,12.42,5/8
5/8412WAL,"5/8in X 4in X 12ft  Walnut",Walnut,12.42,5/8
5/868WAL,"5/8in X 6in X 8ft  Walnut",Walnut,12.42,5/8
1310WAL,"1in X 3in X 10ft  Walnut",Walnut,13.50,1
1-1/2210WAL,"1-1/2in X 2in X 10ft  Walnut",Walnut,13.50,1-1/2
1/2610WAL,"1/2in X 6in X 10ft  Walnut",Walnut,13.50,1/2
1/41210WAL,"1/4in X 12in X 10ft  Walnut",Walnut,13.50,1/4
1/41012WAL,"1/4in X 10in X 12ft  Walnut",Walnut,13.50,1/4
3/4410WAL,"3/4in X 4in X 10ft  Walnut",Walnut,13.50,3/4
3/4104WAL,"3/4in X 10in X 4ft  Walnut",Walnut,13.50,3/4
3/8810WAL,"3/8in X 8in X 10ft  Walnut",Walnut,13.50,3/8
3/8108WAL,"3/8in X 10in X 8ft  Walnut",Walnut,13.50,3/8
5/438WAL,"5/4in X 3in X 8ft  Walnut",Walnut,13.50,5/4
5/464WAL,"5/4in X 6in X 4ft  Walnut",Walnut,13.50,5/4
5/4212WAL,"5/4in X 2in X 12ft  Walnut",Walnut,13.50,5/4
1216WAL,"1in X 2in X 16ft  Walnut",Walnut,14.40,1
184WAL,"1in X 8in X 4ft  Walnut",Walnut,14.40,1
148WAL,"1in X 4in X 8ft  Walnut",Walnut,14.40,1
1/2416WAL,"1/2in X 4in X 16ft  Walnut",Walnut,14.40,1/2
1/288WAL,"1/2in X 8in X 8ft  Walnut",Walnut,14.40,1/2
1/4816WAL,"1/4in X 8in X 16ft  Walnut",Walnut,14.40,1/4
228WAL,"2in X 2in X 8ft  Walnut",Walnut,14.40,2
244WAL,"2in X 4in X 4ft  Walnut",Walnut,14.40,2
5/8610WAL,"5/8in X 6in X 10ft  Walnut",Walnut,15.53,5/8
1312WAL,"1in X 3in X 12ft  Walnut",Walnut,16.20,1
1-1/238WAL,"1-1/2in X 3in X 8ft  Walnut",Walnut,16.20,1-1/2
1-1/2212WAL,"1-1/2in X 2in X 12ft  Walnut",Walnut,16.20,1-1/2
1-1/264WAL,"1-1/2in X 6in X 4ft  Walnut",Walnut,16.20,1-1/2
1/2612WAL,"1/2in X 6in X 12ft  Walnut",Walnut,16.20,1/2
1/41212WAL,"1/4in X 12in X 12ft  Walnut",Walnut,16.20,1/4
3/4412WAL,"3/4in X 4in X 12ft  Walnut",Walnut,16.20,3/4
3/4124WAL,"3/4in X 12in X 4ft  Walnut",Walnut,16.20,3/4
3/4316WAL,"3/4in X 3in X 16ft  Walnut",Walnut,16.20,3/4
3/468WAL,"3/4in X 6in X 8ft  Walnut",Walnut,16.20,3/4
3/8616WAL,"3/8in X 6in X 16ft  Walnut",Walnut,16.20,3/8
3/8128WAL,"3/8in X 12in X 8ft  Walnut",Walnut,16.20,3/8
3/8812WAL,"3/8in X 8in X 12ft  Walnut",Walnut,16.20,3/8
5/888WAL,"5/8in X 8in X 8ft  Walnut",Walnut,16.56,5/8
5/8416WAL,"5/8in X 4in X 16ft  Walnut",Walnut,16.56,5/8
3/81010WAL,"3/8in X 10in X 10ft  Walnut",Walnut,16.88,3/8
5/4310WAL,"5/4in X 3in X 10ft  Walnut",Walnut,16.88,5/4
1104WAL,"1in X 10in X 4ft  Walnut",Walnut,18.00,1
1410WAL,"1in X 4in X 10ft  Walnut",Walnut,18.00,1
1/2810WAL,"1/2in X 8in X 10ft  Walnut",Walnut,18.00,1/2
1/2108WAL,"1/2in X 10in X 8ft  Walnut",Walnut,18.00,1/2
1/41016WAL,"1/4in X 10in X 16ft  Walnut",Walnut,18.00,1/4
2210WAL,"2in X 2in X 10ft  Walnut",Walnut,18.00,2
424WAL,"4in X 2in X 4ft  Walnut",Walnut,18.00,4
5/4216WAL,"5/4in X 2in X 16ft  Walnut",Walnut,18.00,5/4
5/484WAL,"5/4in X 8in X 4ft  Walnut",Walnut,18.00,5/4
5/448WAL,"5/4in X 4in X 8ft  Walnut",Walnut,18.00,5/4
5/8612WAL,"5/8in X 6in X 12ft  Walnut",Walnut,18.63,5/8
1-1/2310WAL,"1-1/2in X 3in X 10ft  Walnut",Walnut,20.25,1-1/2
3/4610WAL,"3/4in X 6in X 10ft  Walnut",Walnut,20.25,3/4
3/81210WAL,"3/8in X 12in X 10ft  Walnut",Walnut,20.25,3/8
3/81012WAL,"3/8in X 10in X 12ft  Walnut",Walnut,20.25,3/8
5/4312WAL,"5/4in X 3in X 12ft  Walnut",Walnut,20.25,5/4
5/8810WAL,"5/8in X 8in X 10ft  Walnut",Walnut,20.70,5/8
5/8108WAL,"5/8in X 10in X 8ft  Walnut",Walnut,20.70,5/8
168WAL,"1in X 6in X 8ft  Walnut",Walnut,21.60,1
1412WAL,"1in X 4in X 12ft  Walnut",Walnut,21.60,1
1124WAL,"1in X 12in X 4ft  Walnut",Walnut,21.60,1
1316WAL,"1in X 3in X 16ft  Walnut",Walnut,21.60,1
1-1/284WAL,"1-1/2in X 8in X 4ft  Walnut",Walnut,21.60,1-1/2
1-1/2216WAL,"1-1/2in X 2in X 16ft  Walnut",Walnut,21.60,1-1/2
1-1/248WAL,"1-1/2in X 4in X 8ft  Walnut",Walnut,21.60,1-1/2
1/2812WAL,"1/2in X 8in X 12ft  Walnut",Walnut,21.60,1/2
1/2616WAL,"1/2in X 6in X 16ft  Walnut",Walnut,21.60,1/2
1/2128WAL,"1/2in X 12in X 8ft  Walnut",Walnut,21.60,1/2
1/41216WAL,"1/4in X 12in X 16ft  Walnut",Walnut,21.60,1/4
238WAL,"2in X 3in X 8ft  Walnut",Walnut,21.60,2
264WAL,"2in X 6in X 4ft  Walnut",Walnut,21.60,2
2212WAL,"2in X 2in X 12ft  Walnut",Walnut,21.60,2
3/4416WAL,"3/4in X 4in X 16ft  Walnut",Walnut,21.60,3/4
3/488WAL,"3/4in X 8in X 8ft  Walnut",Walnut,21.60,3/4
3/8816WAL,"3/8in X 8in X 16ft  Walnut",Walnut,21.60,3/8
1/21010WAL,"1/2in X 10in X 10ft  Walnut",Walnut,22.50,1/2
5/4104WAL,"5/4in X 10in X 4ft  Walnut",Walnut,22.50,5/4
5/4410WAL,"5/4in X 4in X 10ft  Walnut",Walnut,22.50,5/4
1-1/2312WAL,"1-1/2in X 3in X 12ft  Walnut",Walnut,24.30,1-1/2
3/4612WAL,"3/4in X 6in X 12ft  Walnut",Walnut,24.30,3/4
3/81212WAL,"3/8in X 12in X 12ft  Walnut",Walnut,24.30,3/8
5/8616WAL,"5/8in X 6in X 16ft  Walnut",Walnut,24.84,5/8
5/8128WAL,"5/8in X 12in X 8ft  Walnut",Walnut,24.84,5/8
5/8812WAL,"5/8in X 8in X 12ft  Walnut",Walnut,24.84,5/8
5/81010WAL,"5/8in X 10in X 10ft  Walnut",Walnut,25.88,5/8
1610WAL,"1in X 6in X 10ft  Walnut",Walnut,27.00,1
1-1/2104WAL,"1-1/2in X 10in X 4ft  Walnut",Walnut,27.00,1-1/2
1-1/2410WAL,"1-1/2in X 4in X 10ft  Walnut",Walnut,27.00,1-1/2
1/21210WAL,"1/2in X 12in X 10ft  Walnut",Walnut,27.00,1/2
1/21012WAL,"1/2in X 10in X 12ft  Walnut",Walnut,27.00,1/2
2310WAL,"2in X 3in X 10ft  Walnut",Walnut,27.00,2
3/4810WAL,"3/4in X 8in X 10ft  Walnut",Walnut,27.00,3/4
3/4108WAL,"3/4in X 10in X 8ft  Walnut",Walnut,27.00,3/4
3/81016WAL,"3/8in X 10in X 16ft  Walnut",Walnut,27.00,3/8
434WAL,"4in X 3in X 4ft  Walnut",Walnut,27.00,4
5/4412WAL,"5/4in X 4in X 12ft  Walnut",Walnut,27.00,5/4
5/468WAL,"5/4in X 6in X 8ft  Walnut",Walnut,27.00,5/4
5/4316WAL,"5/4in X 3in X 16ft  Walnut",Walnut,27.00,5/4
5/4124WAL,"5/4in X 12in X 4ft  Walnut",Walnut,27.00,5/4
624WAL,"6in X 2in X 4ft  Walnut",Walnut,27.00,6
188WAL,"1in X 8in X 8ft  Walnut",Walnut,28.80,1
1416WAL,"1in X 4in X 16ft  Walnut",Walnut,28.80,1
1/2816WAL,"1/2in X 8in X 16ft  Walnut",Walnut,28.80,1/2
2216WAL,"2in X 2in X 16ft  Walnut",Walnut,28.80,2
284WAL,"2in X 8in X 4ft  Walnut",Walnut,28.80,2
248WAL,"2in X 4in X 8ft  Walnut",Walnut,28.80,2
5/81012WAL,"5/8in X 10in X 12ft  Walnut",Walnut,31.05,5/8
5/81210WAL,"5/8in X 12in X 10ft  Walnut",Walnut,31.05,5/8
1612WAL,"1in X 6in X 12ft  Walnut",Walnut,32.40,1
1-1/2316WAL,"1-1/2in X 3in X 16ft  Walnut",Walnut,32.40,1-1/2
1-1/2412WAL,"1-1/2in X 4in X 12ft  Walnut",Walnut,32.40,1-1/2
1-1/268WAL,"1-1/2in X 6in X 8ft  Walnut",Walnut,32.40,1-1/2
1-1/2124WAL,"1-1/2in X 12in X 4ft  Walnut",Walnut,32.40,1-1/2
1/21212WAL,"1/2in X 12in X 12ft  Walnut",Walnut,32.40,1/2
2312WAL,"2in X 3in X 12ft  Walnut",Walnut,32.40,2
3/4128WAL,"3/4in X 12in X 8ft  Walnut",Walnut,32.40,3/4
3/4812WAL,"3/4in X 8in X 12ft  Walnut",Walnut,32.40,3/4
3/4616WAL,"3/4in X 6in X 16ft  Walnut",Walnut,32.40,3/4
3/81216WAL,"3/8in X 12in X 16ft  Walnut",Walnut,32.40,3/8
5/8816WAL,"5/8in X 8in X 16ft  Walnut",Walnut,33.12,5/8
3/41010WAL,"3/4in X 10in X 10ft  Walnut",Walnut,33.75,3/4
5/4610WAL,"5/4in X 6in X 10ft  Walnut",Walnut,33.75,5/4
1810WAL,"1in X 8in X 10ft  Walnut",Walnut,36.00,1
1108WAL,"1in X 10in X 8ft  Walnut",Walnut,36.00,1
1/21016WAL,"1/2in X 10in X 16ft  Walnut",Walnut,36.00,1/2
2410WAL,"2in X 4in X 10ft  Walnut",Walnut,36.00,2
2104WAL,"2in X 10in X 4ft  Walnut",Walnut,36.00,2
444WAL,"4in X 4in X 4ft  Walnut",Walnut,36.00,4
428WAL,"4in X 2in X 8ft  Walnut",Walnut,36.00,4
5/488WAL,"5/4in X 8in X 8ft  Walnut",Walnut,36.00,5/4
5/4416WAL,"5/4in X 4in X 16ft  Walnut",Walnut,36.00,5/4
5/81212WAL,"5/8in X 12in X 12ft  Walnut",Walnut,37.26,5/8
1-1/2610WAL,"1-1/2in X 6in X 10ft  Walnut",Walnut,40.50,1-1/2
3/41012WAL,"3/4in X 10in X 12ft  Walnut",Walnut,40.50,3/4
3/41210WAL,"3/4in X 12in X 10ft  Walnut",Walnut,40.50,3/4
5/4612WAL,"5/4in X 6in X 12ft  Walnut",Walnut,40.50,5/4
634WAL,"6in X 3in X 4ft  Walnut",Walnut,40.50,6
5/81016WAL,"5/8in X 10in X 16ft  Walnut",Walnut,41.40,5/8
1616WAL,"1in X 6in X 16ft  Walnut",Walnut,43.20,1
1128WAL,"1in X 12in X 8ft  Walnut",Walnut,43.20,1
1812WAL,"1in X 8in X 12ft  Walnut",Walnut,43.20,1
1-1/288WAL,"1-1/2in X 8in X 8ft  Walnut",Walnut,43.20,1-1/2
1-1/2416WAL,"1-1/2in X 4in X 16ft  Walnut",Walnut,43.20,1-1/2
1/21216WAL,"1/2in X 12in X 16ft  Walnut",Walnut,43.20,1/2
2412WAL,"2in X 4in X 12ft  Walnut",Walnut,43.20,2
268WAL,"2in X 6in X 8ft  Walnut",Walnut,43.20,2
2124WAL,"2in X 12in X 4ft  Walnut",Walnut,43.20,2
2316WAL,"2in X 3in X 16ft  Walnut",Walnut,43.20,2
3/4816WAL,"3/4in X 8in X 16ft  Walnut",Walnut,43.20,3/4
11010WAL,"1in X 10in X 10ft  Walnut",Walnut,45.00,1
1024WAL,"10in X 2in X 4ft  Walnut",Walnut,45.00,10
4210WAL,"4in X 2in X 10ft  Walnut",Walnut,45.00,4
5/4108WAL,"5/4in X 10in X 8ft  Walnut",Walnut,45.00,5/4
5/4810WAL,"5/4in X 8in X 10ft  Walnut",Walnut,45.00,5/4
1-1/2612WAL,"1-1/2in X 6in X 12ft  Walnut",Walnut,48.60,1-1/2
3/41212WAL,"3/4in X 12in X 12ft  Walnut",Walnut,48.60,3/4
5/81216WAL,"5/8in X 12in X 16ft  Walnut",Walnut,49.68,5/8
11210WAL,"1in X 12in X 10ft  Walnut",Walnut,54.00,1
11012WAL,"1in X 10in X 12ft  Walnut",Walnut,54.00,1
1-1/2810WAL,"1-1/2in X 8in X 10ft  Walnut",Walnut,54.00,1-1/2
1-1/2108WAL,"1-1/2in X 10in X 8ft  Walnut",Walnut,54.00,1-1/2
1224WAL,"12in X 2in X 4ft  Walnut",Walnut,54.00,12
2610WAL,"2in X 6in X 10ft  Walnut",Walnut,54.00,2
3/41016WAL,"3/4in X 10in X 16ft  Walnut",Walnut,54.00,3/4
4212WAL,"4in X 2in X 12ft  Walnut",Walnut,54.00,4
438WAL,"4in X 3in X 8ft  Walnut",Walnut,54.00,4
464WAL,"4in X 6in X 4ft  Walnut",Walnut,54.00,4
5/4616WAL,"5/4in X 6in X 16ft  Walnut",Walnut,54.00,5/4
5/4812WAL,"5/4in X 8in X 12ft  Walnut",Walnut,54.00,5/4
5/4128WAL,"5/4in X 12in X 8ft  Walnut",Walnut,54.00,5/4
628WAL,"6in X 2in X 8ft  Walnut",Walnut,54.00,6
644WAL,"6in X 4in X 4ft  Walnut",Walnut,54.00,6
5/41010WAL,"5/4in X 10in X 10ft  Walnut",Walnut,56.25,5/4
1816WAL,"1in X 8in X 16ft  Walnut",Walnut,57.60,1
2416WAL,"2in X 4in X 16ft  Walnut",Walnut,57.60,2
288WAL,"2in X 8in X 8ft  Walnut",Walnut,57.60,2
11212WAL,"1in X 12in X 12ft  Walnut",Walnut,64.80,1
1-1/2812WAL,"1-1/2in X 8in X 12ft  Walnut",Walnut,64.80,1-1/2
1-1/2616WAL,"1-1/2in X 6in X 16ft  Walnut",Walnut,64.80,1-1/2
1-1/2128WAL,"1-1/2in X 12in X 8ft  Walnut",Walnut,64.80,1-1/2
2612WAL,"2in X 6in X 12ft  Walnut",Walnut,64.80,2
3/41216WAL,"3/4in X 12in X 16ft  Walnut",Walnut,64.80,3/4
1-1/21010WAL,"1-1/2in X 10in X 10ft  Walnut",Walnut,67.50,1-1/2
1034WAL,"10in X 3in X 4ft  Walnut",Walnut,67.50,10
4310WAL,"4in X 3in X 10ft  Walnut",Walnut,67.50,4
5/41012WAL,"5/4in X 10in X 12ft  Walnut",Walnut,67.50,5/4
5/41210WAL,"5/4in X 12in X 10ft  Walnut",Walnut,67.50,5/4
6210WAL,"6in X 2in X 10ft  Walnut",Walnut,67.50,6
11016WAL,"1in X 10in X 16ft  Walnut",Walnut,72.00,1
2810WAL,"2in X 8in X 10ft  Walnut",Walnut,72.00,2
2108WAL,"2in X 10in X 8ft  Walnut",Walnut,72.00,2
448WAL,"4in X 4in X 8ft  Walnut",Walnut,72.00,4
484WAL,"4in X 8in X 4ft  Walnut",Walnut,72.00,4
4216WAL,"4in X 2in X 16ft  Walnut",Walnut,72.00,4
5/4816WAL,"5/4in X 8in X 16ft  Walnut",Walnut,72.00,5/4
1-1/21012WAL,"1-1/2in X 10in X 12ft  Walnut",Walnut,81.00,1-1/2
1-1/21210WAL,"1-1/2in X 12in X 10ft  Walnut",Walnut,81.00,1-1/2
1234WAL,"12in X 3in X 4ft  Walnut",Walnut,81.00,12
4312WAL,"4in X 3in X 12ft  Walnut",Walnut,81.00,4
5/41212WAL,"5/4in X 12in X 12ft  Walnut",Walnut,81.00,5/4
664WAL,"6in X 6in X 4ft  Walnut",Walnut,81.00,6
638WAL,"6in X 3in X 8ft  Walnut",Walnut,81.00,6
6212WAL,"6in X 2in X 12ft  Walnut",Walnut,81.00,6
11216WAL,"1in X 12in X 16ft  Walnut",Walnut,86.40,1
1-1/2816WAL,"1-1/2in X 8in X 16ft  Walnut",Walnut,86.40,1-1/2
2812WAL,"2in X 8in X 12ft  Walnut",Walnut,86.40,2
2128WAL,"2in X 12in X 8ft  Walnut",Walnut,86.40,2
2616WAL,"2in X 6in X 16ft  Walnut",Walnut,86.40,2
1044WAL,"10in X 4in X 4ft  Walnut",Walnut,90.00,10
1028WAL,"10in X 2in X 8ft  Walnut",Walnut,90.00,10
21010WAL,"2in X 10in X 10ft  Walnut",Walnut,90.00,2
4104WAL,"4in X 10in X 4ft  Walnut",Walnut,90.00,4
4410WAL,"4in X 4in X 10ft  Walnut",Walnut,90.00,4
5/41016WAL,"5/4in X 10in X 16ft  Walnut",Walnut,90.00,5/4
1-1/21212WAL,"1-1/2in X 12in X 12ft  Walnut",Walnut,97.20,1-1/2
6310WAL,"6in X 3in X 10ft  Walnut",Walnut,101.25,6
1-1/21016WAL,"1-1/2in X 10in X 16ft  Walnut",Walnut,108.00,1-1/2
1228WAL,"12in X 2in X 8ft  Walnut",Walnut,108.00,12
1244WAL,"12in X 4in X 4ft  Walnut",Walnut,108.00,12
21210WAL,"2in X 12in X 10ft  Walnut",Walnut,108.00,2
21012WAL,"2in X 10in X 12ft  Walnut",Walnut,108.00,2
4124WAL,"4in X 12in X 4ft  Walnut",Walnut,108.00,4
4412WAL,"4in X 4in X 12ft  Walnut",Walnut,108.00,4
4316WAL,"4in X 3in X 16ft  Walnut",Walnut,108.00,4
468WAL,"4in X 6in X 8ft  Walnut",Walnut,108.00,4
5/41216WAL,"5/4in X 12in X 16ft  Walnut",Walnut,108.00,5/4
684WAL,"6in X 8in X 4ft  Walnut",Walnut,108.00,6
648WAL,"6in X 4in X 8ft  Walnut",Walnut,108.00,6
6216WAL,"6in X 2in X 16ft  Walnut",Walnut,108.00,6
10210WAL,"10in X 2in X 10ft  Walnut",Walnut,112.50,10
2816WAL,"2in X 8in X 16ft  Walnut",Walnut,115.20,2
6312WAL,"6in X 3in X 12ft  Walnut",Walnut,121.50,6
1-1/21216WAL,"1-1/2in X 12in X 16ft  Walnut",Walnut,129.60,1-1/2
21212WAL,"2in X 12in X 12ft  Walnut",Walnut,129.60,2
10212WAL,"10in X 2in X 12ft  Walnut",Walnut,135.00,10
1038WAL,"10in X 3in X 8ft  Walnut",Walnut,135.00,10
1064WAL,"10in X 6in X 4ft  Walnut",Walnut,135.00,10
12210WAL,"12in X 2in X 10ft  Walnut",Walnut,135.00,12
4610WAL,"4in X 6in X 10ft  Walnut",Walnut,135.00,4
6410WAL,"6in X 4in X 10ft  Walnut",Walnut,135.00,6
6104WAL,"6in X 10in X 4ft  Walnut",Walnut,135.00,6
21016WAL,"2in X 10in X 16ft  Walnut",Walnut,144.00,2
488WAL,"4in X 8in X 8ft  Walnut",Walnut,144.00,4
4416WAL,"4in X 4in X 16ft  Walnut",Walnut,144.00,4
1264WAL,"12in X 6in X 4ft  Walnut",Walnut,162.00,12
12212WAL,"12in X 2in X 12ft  Walnut",Walnut,162.00,12
1238WAL,"12in X 3in X 8ft  Walnut",Walnut,162.00,12
4612WAL,"4in X 6in X 12ft  Walnut",Walnut,162.00,4
6412WAL,"6in X 4in X 12ft  Walnut",Walnut,162.00,6
6316WAL,"6in X 3in X 16ft  Walnut",Walnut,162.00,6
6124WAL,"6in X 12in X 4ft  Walnut",Walnut,162.00,6
668WAL,"6in X 6in X 8ft  Walnut",Walnut,162.00,6
10310WAL,"10in X 3in X 10ft  Walnut",Walnut,168.75,10
21216WAL,"2in X 12in X 16ft  Walnut",Walnut,172.80,2
1048WAL,"10in X 4in X 8ft  Walnut",Walnut,180.00,10
1084WAL,"10in X 8in X 4ft  Walnut",Walnut,180.00,10
10216WAL,"10in X 2in X 16ft  Walnut",Walnut,180.00,10
4810WAL,"4in X 8in X 10ft  Walnut",Walnut,180.00,4
4108WAL,"4in X 10in X 8ft  Walnut",Walnut,180.00,4
10312WAL,"10in X 3in X 12ft  Walnut",Walnut,202.50,10
12310WAL,"12in X 3in X 10ft  Walnut",Walnut,202.50,12
6610WAL,"6in X 6in X 10ft  Walnut",Walnut,202.50,6
1284WAL,"12in X 8in X 4ft  Walnut",Walnut,216.00,12
1248WAL,"12in X 4in X 8ft  Walnut",Walnut,216.00,12
12216WAL,"12in X 2in X 16ft  Walnut",Walnut,216.00,12
4128WAL,"4in X 12in X 8ft  Walnut",Walnut,216.00,4
4616WAL,"4in X 6in X 16ft  Walnut",Walnut,216.00,4
4812WAL,"4in X 8in X 12ft  Walnut",Walnut,216.00,4
688WAL,"6in X 8in X 8ft  Walnut",Walnut,216.00,6
6416WAL,"6in X 4in X 16ft  Walnut",Walnut,216.00,6
10410WAL,"10in X 4in X 10ft  Walnut",Walnut,225.00,10
10104WAL,"10in X 10in X 4ft  Walnut",Walnut,225.00,10
41010WAL,"4in X 10in X 10ft  Walnut",Walnut,225.00,4
12312WAL,"12in X 3in X 12ft  Walnut",Walnut,243.00,12
6612WAL,"6in X 6in X 12ft  Walnut",Walnut,243.00,6
10316WAL,"10in X 3in X 16ft  Walnut",Walnut,270.00,10
10124WAL,"10in X 12in X 4ft  Walnut",Walnut,270.00,10
10412WAL,"10in X 4in X 12ft  Walnut",Walnut,270.00,10
1068WAL,"10in X 6in X 8ft  Walnut",Walnut,270.00,10
12410WAL,"12in X 4in X 10ft  Walnut",Walnut,270.00,12
12104WAL,"12in X 10in X 4ft  Walnut",Walnut,270.00,12
41012WAL,"4in X 10in X 12ft  Walnut",Walnut,270.00,4
41210WAL,"4in X 12in X 10ft  Walnut",Walnut,270.00,4
6810WAL,"6in X 8in X 10ft  Walnut",Walnut,270.00,6
6108WAL,"6in X 10in X 8ft  Walnut",Walnut,270.00,6
4816WAL,"4in X 8in X 16ft  Walnut",Walnut,288.00,4
1268WAL,"12in X 6in X 8ft  Walnut",Walnut,324.00,12
12124WAL,"12in X 12in X 4ft  Walnut",Walnut,324.00,12
12316WAL,"12in X 3in X 16ft  Walnut",Walnut,324.00,12
12412WAL,"12in X 4in X 12ft  Walnut",Walnut,324.00,12
41212WAL,"4in X 12in X 12ft  Walnut",Walnut,324.00,4
6616WAL,"6in X 6in X 16ft  Walnut",Walnut,324.00,6
6128WAL,"6in X 12in X 8ft  Walnut",Walnut,324.00,6
6812WAL,"6in X 8in X 12ft  Walnut",Walnut,324.00,6
10610WAL,"10in X 6in X 10ft  Walnut",Walnut,337.50,10
61010WAL,"6in X 10in X 10ft  Walnut",Walnut,337.50,6
1088WAL,"10in X 8in X 8ft  Walnut",Walnut,360.00,10
10416WAL,"10in X 4in X 16ft  Walnut",Walnut,360.00,10
41016WAL,"4in X 10in X 16ft  Walnut",Walnut,360.00,4
10612WAL,"10in X 6in X 12ft  Walnut",Walnut,405.00,10
12610WAL,"12in X 6in X 10ft  Walnut",Walnut,405.00,12
61012WAL,"6in X 10in X 12ft  Walnut",Walnut,405.00,6
61210WAL,"6in X 12in X 10ft  Walnut",Walnut,405.00,6
12416WAL,"12in X 4in X 16ft  Walnut",Walnut,432.00,12
1288WAL,"12in X 8in X 8ft  Walnut",Walnut,432.00,12
41216WAL,"4in X 12in X 16ft  Walnut",Walnut,432.00,4
6816WAL,"6in X 8in X 16ft  Walnut",Walnut,432.00,6
10108WAL,"10in X 10in X 8ft  Walnut",Walnut,450.00,10
10810WAL,"10in X 8in X 10ft  Walnut",Walnut,450.00,10
12612WAL,"12in X 6in X 12ft  Walnut",Walnut,486.00,12
61212WAL,"6in X 12in X 12ft  Walnut",Walnut,486.00,6
10812WAL,"10in X 8in X 12ft  Walnut",Walnut,540.00,10
10128WAL,"10in X 12in X 8ft  Walnut",Walnut,540.00,10
10616WAL,"10in X 6in X 16ft  Walnut",Walnut,540.00,10
12810WAL,"12in X 8in X 10ft  Walnut",Walnut,540.00,12
12108WAL,"12in X 10in X 8ft  Walnut",Walnut,540.00,12
61016WAL,"6in X 10in X 16ft  Walnut",Walnut,540.00,6
101010WAL,"10in X 10in X 10ft  Walnut",Walnut,562.50,10
12128WAL,"12in X 12in X 8ft  Walnut",Walnut,648.00,12
12812WAL,"12in X 8in X 12ft  Walnut",Walnut,648.00,12
12616WAL,"12in X 6in X 16ft  Walnut",Walnut,648.00,12
61216WAL,"6in X 12in X 16ft  Walnut",Walnut,648.00,6
101012WAL,"10in X 10in X 12ft  Walnut",Walnut,675.00,10
101210WAL,"10in X 12in X 10ft  Walnut",Walnut,675.00,10
121010WAL,"12in X 10in X 10ft  Walnut",Walnut,675.00,12
10816WAL,"10in X 8in X 16ft  Walnut",Walnut,720.00,10
101212WAL,"10in X 12in X 12ft  Walnut",Walnut,810.00,10
121012WAL,"12in X 10in X 12ft  Walnut",Walnut,810.00,12
121210WAL,"12in X 12in X 10ft  Walnut",Walnut,810.00,12
12816WAL,"12in X 8in X 16ft  Walnut",Walnut,864.00,12
101016WAL,"10in X 10in X 16ft  Walnut",Walnut,900.00,10
121212WAL,"12in X 12in X 12ft  Walnut",Walnut,972.00,12
101216WAL,"10in X 12in X 16ft  Walnut",Walnut,1080.00,10
121016WAL,"12in X 10in X 16ft  Walnut",Walnut,1080.00,12
121216WAL,"12in X 12in X 16ft  Walnut",Walnut,1296.00,12
