"","study_name","sample_number","species","region","island","stage","individual_id","clutch_completion","date_egg","culmen_length_mm","culmen_depth_mm","flipper_length_mm","sex","delta_15_n","delta_13_c","comments","weight","pred"
"1","PAL0708",1,"Adelie","Anvers","Torgersen","Adult, 1 Egg Stage","N1A1","Yes",2007-11-11,39.1,18.7,181,"MALE",NA,NA,"Not enough blood for isotopes.",3750,"Adelie"
"2","PAL0708",2,"Adelie","Anvers","Torgersen","Adult, 1 Egg Stage","N1A2","Yes",2007-11-11,39.5,17.4,186,"FEMALE",8.94956,-24.69454,NA,3800,"Adelie"
"3","PAL0708",3,"Adelie","Anvers","Torgersen","Adult, 1 Egg Stage","N2A1","Yes",2007-11-16,40.3,18,195,"FEMALE",8.36821,-25.33302,NA,3250,"Adelie"
"4","PAL0708",4,"Adelie","Anvers","Torgersen","Adult, 1 Egg Stage","N2A2","Yes",2007-11-16,NA,NA,NA,NA,NA,NA,"Adult not sampled.",NA,NA
"5","PAL0708",5,"Adelie","Anvers","Torgersen","Adult, 1 Egg Stage","N3A1","Yes",2007-11-16,36.7,19.3,193,"FEMALE",8.76651,-25.32426,NA,3450,"Adelie"
"6","PAL0708",6,"Adelie","Anvers","Torgersen","Adult, 1 Egg Stage","N3A2","Yes",2007-11-16,39.3,20.6,190,"MALE",8.66496,-25.29805,NA,3650,"Adelie"
"7","PAL0708",7,"Adelie","Anvers","Torgersen","Adult, 1 Egg Stage","N4A1","No",2007-11-15,38.9,17.8,181,"FEMALE",9.18718,-25.21799,"Nest never observed with full clutch.",3625,"Adelie"
"8","PAL0708",8,"Adelie","Anvers","Torgersen","Adult, 1 Egg Stage","N4A2","No",2007-11-15,39.2,19.6,195,"MALE",9.4606,-24.89958,"Nest never observed with full clutch.",4675,"Adelie"
"9","PAL0708",9,"Adelie","Anvers","Torgersen","Adult, 1 Egg Stage","N5A1","Yes",2007-11-09,34.1,18.1,193,NA,NA,NA,"No blood sample obtained.",3475,"Adelie"
"10","PAL0708",10,"Adelie","Anvers","Torgersen","Adult, 1 Egg Stage","N5A2","Yes",2007-11-09,42,20.2,190,NA,9.13362,-25.09368,"No blood sample obtained for sexing.",4250,"Adelie"
"11","PAL0708",11,"Adelie","Anvers","Torgersen","Adult, 1 Egg Stage","N6A1","Yes",2007-11-09,37.8,17.1,186,NA,8.63243,-25.21315,"No blood sample obtained for sexing.",3300,"Adelie"
"12","PAL0708",12,"Adelie","Anvers","Torgersen","Adult, 1 Egg Stage","N6A2","Yes",2007-11-09,37.8,17.3,180,NA,NA,NA,"No blood sample obtained.",3700,"Adelie"
"13","PAL0708",13,"Adelie","Anvers","Torgersen","Adult, 1 Egg Stage","N7A1","Yes",2007-11-15,41.1,17.6,182,"FEMALE",NA,NA,"Not enough blood for isotopes.",3200,"Adelie"
"14","PAL0708",14,"Adelie","Anvers","Torgersen","Adult, 1 Egg Stage","N7A2","Yes",2007-11-15,38.6,21.2,191,"MALE",NA,NA,"Not enough blood for isotopes.",3800,"Adelie"
"15","PAL0708",15,"Adelie","Anvers","Torgersen","Adult, 1 Egg Stage","N8A1","Yes",2007-11-16,34.6,21.1,198,"MALE",8.55583,-25.22588,NA,4400,"Adelie"
"16","PAL0708",16,"Adelie","Anvers","Torgersen","Adult, 1 Egg Stage","N8A2","Yes",2007-11-16,36.6,17.8,185,"FEMALE",NA,NA,"Not enough blood for isotopes.",3700,"Adelie"
"17","PAL0708",17,"Adelie","Anvers","Torgersen","Adult, 1 Egg Stage","N9A1","Yes",2007-11-12,38.7,19,195,"FEMALE",9.18528,-25.06691,NA,3450,"Adelie"
"18","PAL0708",18,"Adelie","Anvers","Torgersen","Adult, 1 Egg Stage","N9A2","Yes",2007-11-12,42.5,20.7,197,"MALE",8.67538,-25.13993,NA,4500,"Adelie"
"19","PAL0708",19,"Adelie","Anvers","Torgersen","Adult, 1 Egg Stage","N10A1","Yes",2007-11-16,34.4,18.4,184,"FEMALE",8.47827,-25.23319,NA,3325,"Adelie"
"20","PAL0708",20,"Adelie","Anvers","Torgersen","Adult, 1 Egg Stage","N10A2","Yes",2007-11-16,46,21.5,194,"MALE",9.11616,-24.77227,NA,4200,"Adelie"
"21","PAL0708",21,"Adelie","Anvers","Biscoe","Adult, 1 Egg Stage","N11A1","Yes",2007-11-12,37.8,18.3,174,"FEMALE",8.73762,-25.09383,NA,3400,"Adelie"
"22","PAL0708",22,"Adelie","Anvers","Biscoe","Adult, 1 Egg Stage","N11A2","Yes",2007-11-12,37.7,18.7,180,"MALE",8.66271,-25.0639,NA,3600,"Adelie"
"23","PAL0708",23,"Adelie","Anvers","Biscoe","Adult, 1 Egg Stage","N12A1","Yes",2007-11-12,35.9,19.2,189,"FEMALE",9.22286,-25.03474,NA,3800,"Adelie"
"24","PAL0708",24,"Adelie","Anvers","Biscoe","Adult, 1 Egg Stage","N12A2","Yes",2007-11-12,38.2,18.1,185,"MALE",8.43423,-25.22664,NA,3950,"Adelie"
"25","PAL0708",25,"Adelie","Anvers","Biscoe","Adult, 1 Egg Stage","N13A1","Yes",2007-11-10,38.8,17.2,180,"MALE",9.63954,-25.29856,NA,3800,"Adelie"
"26","PAL0708",26,"Adelie","Anvers","Biscoe","Adult, 1 Egg Stage","N13A2","Yes",2007-11-10,35.3,18.9,187,"FEMALE",9.21292,-24.3613,NA,3800,"Adelie"
"27","PAL0708",27,"Adelie","Anvers","Biscoe","Adult, 1 Egg Stage","N17A1","Yes",2007-11-12,40.6,18.6,183,"MALE",8.93997,-25.36288,NA,3550,"Adelie"
"28","PAL0708",28,"Adelie","Anvers","Biscoe","Adult, 1 Egg Stage","N17A2","Yes",2007-11-12,40.5,17.9,187,"FEMALE",8.08138,-25.49448,NA,3200,"Adelie"
"29","PAL0708",29,"Adelie","Anvers","Biscoe","Adult, 1 Egg Stage","N18A1","No",2007-11-10,37.9,18.6,172,"FEMALE",8.38404,-25.19837,"Nest never observed with full clutch.",3150,"Adelie"
"30","PAL0708",30,"Adelie","Anvers","Biscoe","Adult, 1 Egg Stage","N18A2","No",2007-11-10,40.5,18.9,180,"MALE",8.90027,-25.11609,"Nest never observed with full clutch.",3950,"Adelie"
"31","PAL0708",31,"Adelie","Anvers","Dream","Adult, 1 Egg Stage","N21A1","Yes",2007-11-09,39.5,16.7,178,"FEMALE",9.69756,-25.11223,NA,3250,"Adelie"
"32","PAL0708",32,"Adelie","Anvers","Dream","Adult, 1 Egg Stage","N21A2","Yes",2007-11-09,37.2,18.1,178,"MALE",9.72764,-25.0102,NA,3900,"Adelie"
"33","PAL0708",33,"Adelie","Anvers","Dream","Adult, 1 Egg Stage","N22A1","Yes",2007-11-09,39.5,17.8,188,"FEMALE",9.66523,-25.0602,NA,3300,"Adelie"
"34","PAL0708",34,"Adelie","Anvers","Dream","Adult, 1 Egg Stage","N22A2","Yes",2007-11-09,40.9,18.9,184,"MALE",8.79665,-25.14591,NA,3900,"Adelie"
"35","PAL0708",35,"Adelie","Anvers","Dream","Adult, 1 Egg Stage","N23A1","Yes",2007-11-16,36.4,17,195,"FEMALE",9.17847,-25.23061,NA,3325,"Adelie"
"36","PAL0708",36,"Adelie","Anvers","Dream","Adult, 1 Egg Stage","N23A2","Yes",2007-11-16,39.2,21.1,196,"MALE",9.15308,-25.03469,NA,4150,"Adelie"
"37","PAL0708",37,"Adelie","Anvers","Dream","Adult, 1 Egg Stage","N24A1","Yes",2007-11-16,38.8,20,190,"MALE",9.18985,-25.12255,NA,3950,"Adelie"
"38","PAL0708",38,"Adelie","Anvers","Dream","Adult, 1 Egg Stage","N24A2","Yes",2007-11-16,42.2,18.5,180,"FEMALE",8.04787,-25.49523,NA,3550,"Adelie"
"39","PAL0708",39,"Adelie","Anvers","Dream","Adult, 1 Egg Stage","N25A1","No",2007-11-13,37.6,19.3,181,"FEMALE",9.41131,-25.04169,"Nest never observed with full clutch.",3300,"Adelie"
"40","PAL0708",40,"Adelie","Anvers","Dream","Adult, 1 Egg Stage","N25A2","No",2007-11-13,39.8,19.1,184,"MALE",NA,NA,"Nest never observed with full clutch. Not enough blood for isotopes.",4650,"Adelie"
"41","PAL0708",41,"Adelie","Anvers","Dream","Adult, 1 Egg Stage","N26A1","Yes",2007-11-16,36.5,18,182,"FEMALE",9.68933,-24.4228,NA,3150,"Adelie"
"42","PAL0708",42,"Adelie","Anvers","Dream","Adult, 1 Egg Stage","N26A2","Yes",2007-11-16,40.8,18.4,195,"MALE",NA,NA,"Not enough blood for isotopes.",3900,"Adelie"
"43","PAL0708",43,"Adelie","Anvers","Dream","Adult, 1 Egg Stage","N27A1","Yes",2007-11-19,36,18.5,186,"FEMALE",9.50772,-25.03492,NA,3100,"Adelie"
"44","PAL0708",44,"Adelie","Anvers","Dream","Adult, 1 Egg Stage","N27A2","Yes",2007-11-19,44.1,19.7,196,"MALE",9.2372,-24.52698,NA,4400,"Adelie"
"45","PAL0708",45,"Adelie","Anvers","Dream","Adult, 1 Egg Stage","N28A1","Yes",2007-11-16,37,16.9,185,"FEMALE",9.36392,-25.01745,NA,3000,"Adelie"
"46","PAL0708",46,"Adelie","Anvers","Dream","Adult, 1 Egg Stage","N28A2","Yes",2007-11-16,39.6,18.8,190,"MALE",9.49106,-24.10255,NA,4600,"Adelie"
"47","PAL0708",47,"Adelie","Anvers","Dream","Adult, 1 Egg Stage","N29A1","Yes",2007-11-13,41.1,19,182,"MALE",NA,NA,"Not enough blood for isotopes.",3425,"Adelie"
"48","PAL0708",48,"Adelie","Anvers","Dream","Adult, 1 Egg Stage","N29A2","Yes",2007-11-13,37.5,18.9,179,NA,NA,NA,"Sexing primers did not amplify. Not enough blood for isotopes.",2975,"Adelie"
"49","PAL0708",49,"Adelie","Anvers","Dream","Adult, 1 Egg Stage","N30A1","Yes",2007-11-13,36,17.9,190,"FEMALE",9.51784,-25.07683,NA,3450,"Adelie"
"50","PAL0708",50,"Adelie","Anvers","Dream","Adult, 1 Egg Stage","N30A2","Yes",2007-11-13,42.3,21.2,191,"MALE",8.87988,-25.18543,NA,4150,"Adelie"
"51","PAL0809",51,"Adelie","Anvers","Biscoe","Adult, 1 Egg Stage","N21A1","Yes",2008-11-06,39.6,17.7,186,"FEMALE",8.46616,-26.12989,NA,3500,"Adelie"
"52","PAL0809",52,"Adelie","Anvers","Biscoe","Adult, 1 Egg Stage","N21A2","Yes",2008-11-06,40.1,18.9,188,"MALE",8.51362,-26.55602,NA,4300,"Adelie"
"53","PAL0809",53,"Adelie","Anvers","Biscoe","Adult, 1 Egg Stage","N22A1","Yes",2008-11-09,35,17.9,190,"FEMALE",8.19539,-26.17213,NA,3450,"Adelie"
"54","PAL0809",54,"Adelie","Anvers","Biscoe","Adult, 1 Egg Stage","N22A2","Yes",2008-11-09,42,19.5,200,"MALE",8.48095,-26.3146,NA,4050,"Adelie"
"55","PAL0809",55,"Adelie","Anvers","Biscoe","Adult, 1 Egg Stage","N23A1","Yes",2008-11-09,34.5,18.1,187,"FEMALE",8.41837,-26.54718,NA,2900,"Adelie"
"56","PAL0809",56,"Adelie","Anvers","Biscoe","Adult, 1 Egg Stage","N23A2","Yes",2008-11-09,41.4,18.6,191,"MALE",8.35396,-26.27853,NA,3700,"Adelie"
"57","PAL0809",57,"Adelie","Anvers","Biscoe","Adult, 1 Egg Stage","N24A1","Yes",2008-11-15,39,17.5,186,"FEMALE",8.57199,-26.07188,NA,3550,"Adelie"
"58","PAL0809",58,"Adelie","Anvers","Biscoe","Adult, 1 Egg Stage","N24A2","Yes",2008-11-15,40.6,18.8,193,"MALE",8.56674,-25.98843,NA,3800,"Adelie"
"59","PAL0809",59,"Adelie","Anvers","Biscoe","Adult, 1 Egg Stage","N25A1","Yes",2008-11-15,36.5,16.6,181,"FEMALE",9.07878,-25.88156,NA,2850,"Adelie"
"60","PAL0809",60,"Adelie","Anvers","Biscoe","Adult, 1 Egg Stage","N25A2","Yes",2008-11-15,37.6,19.1,194,"MALE",9.108,-25.89677,NA,3750,"Adelie"
"61","PAL0809",61,"Adelie","Anvers","Biscoe","Adult, 1 Egg Stage","N27A1","Yes",2008-11-13,35.7,16.9,185,"FEMALE",8.96472,-26.40943,NA,3150,"Adelie"
"62","PAL0809",62,"Adelie","Anvers","Biscoe","Adult, 1 Egg Stage","N27A2","Yes",2008-11-13,41.3,21.1,195,"MALE",8.74802,-26.37809,NA,4400,"Adelie"
"63","PAL0809",63,"Adelie","Anvers","Biscoe","Adult, 1 Egg Stage","N28A1","Yes",2008-11-13,37.6,17,185,"FEMALE",8.58063,-26.21569,NA,3600,"Adelie"
"64","PAL0809",64,"Adelie","Anvers","Biscoe","Adult, 1 Egg Stage","N28A2","Yes",2008-11-13,41.1,18.2,192,"MALE",8.62264,-26.60023,NA,4050,"Adelie"
"65","PAL0809",65,"Adelie","Anvers","Biscoe","Adult, 1 Egg Stage","N29A1","Yes",2008-11-13,36.4,17.1,184,"FEMALE",8.62623,-26.1165,NA,2850,"Adelie"
"66","PAL0809",66,"Adelie","Anvers","Biscoe","Adult, 1 Egg Stage","N29A2","Yes",2008-11-13,41.6,18,192,"MALE",8.85562,-26.09294,NA,3950,"Adelie"
"67","PAL0809",67,"Adelie","Anvers","Biscoe","Adult, 1 Egg Stage","N30A1","Yes",2008-11-06,35.5,16.2,195,"FEMALE",8.56192,-25.95541,NA,3350,"Adelie"
"68","PAL0809",68,"Adelie","Anvers","Biscoe","Adult, 1 Egg Stage","N30A2","Yes",2008-11-06,41.1,19.1,188,"MALE",8.71078,-25.81012,NA,4100,"Adelie"
"69","PAL0809",69,"Adelie","Anvers","Torgersen","Adult, 1 Egg Stage","N32A1","No",2008-11-11,35.9,16.6,190,"FEMALE",8.47781,-26.07821,"Nest never observed with full clutch.",3050,"Adelie"
"70","PAL0809",70,"Adelie","Anvers","Torgersen","Adult, 1 Egg Stage","N32A2","No",2008-11-11,41.8,19.4,198,"MALE",8.86853,-26.06209,"Nest never observed with full clutch.",4450,"Adelie"
"71","PAL0809",71,"Adelie","Anvers","Torgersen","Adult, 1 Egg Stage","N34A1","Yes",2008-11-14,33.5,19,190,"FEMALE",7.88863,-26.63085,NA,3600,"Adelie"
"72","PAL0809",72,"Adelie","Anvers","Torgersen","Adult, 1 Egg Stage","N34A2","Yes",2008-11-14,39.7,18.4,190,"MALE",9.29808,-25.23453,NA,3900,"Adelie"
"73","PAL0809",73,"Adelie","Anvers","Torgersen","Adult, 1 Egg Stage","N35A1","Yes",2008-11-11,39.6,17.2,196,"FEMALE",8.33524,-26.55351,NA,3550,"Adelie"
"74","PAL0809",74,"Adelie","Anvers","Torgersen","Adult, 1 Egg Stage","N35A2","Yes",2008-11-11,45.8,18.9,197,"MALE",8.18658,-26.45978,NA,4150,"Adelie"
"75","PAL0809",75,"Adelie","Anvers","Torgersen","Adult, 1 Egg Stage","N36A1","Yes",2008-11-08,35.5,17.5,190,"FEMALE",8.70642,-26.15003,NA,3700,"Adelie"
"76","PAL0809",76,"Adelie","Anvers","Torgersen","Adult, 1 Egg Stage","N36A2","Yes",2008-11-08,42.8,18.5,195,"MALE",8.2993,-26.38986,NA,4250,"Adelie"
"77","PAL0809",77,"Adelie","Anvers","Torgersen","Adult, 1 Egg Stage","N37A1","Yes",2008-11-06,40.9,16.8,191,"FEMALE",8.47257,-26.02002,NA,3700,"Adelie"
"78","PAL0809",78,"Adelie","Anvers","Torgersen","Adult, 1 Egg Stage","N37A2","Yes",2008-11-06,37.2,19.4,184,"MALE",8.3554,-26.44787,NA,3900,"Adelie"
"79","PAL0809",79,"Adelie","Anvers","Torgersen","Adult, 1 Egg Stage","N38A1","Yes",2008-11-09,36.2,16.1,187,"FEMALE",7.82381,-26.51382,NA,3550,"Adelie"
"80","PAL0809",80,"Adelie","Anvers","Torgersen","Adult, 1 Egg Stage","N38A2","Yes",2008-11-09,42.1,19.1,195,"MALE",9.05736,-25.81513,NA,4000,"Adelie"
"81","PAL0809",81,"Adelie","Anvers","Torgersen","Adult, 1 Egg Stage","N39A1","Yes",2008-11-02,34.6,17.2,189,"FEMALE",7.69778,-26.5387,NA,3200,"Adelie"
"82","PAL0809",82,"Adelie","Anvers","Torgersen","Adult, 1 Egg Stage","N39A2","Yes",2008-11-02,42.9,17.6,196,"MALE",8.63259,-26.23027,NA,4700,"Adelie"
"83","PAL0809",83,"Adelie","Anvers","Torgersen","Adult, 1 Egg Stage","N40A1","Yes",2008-11-07,36.7,18.8,187,"FEMALE",7.88494,-26.24837,NA,3800,"Adelie"
"84","PAL0809",84,"Adelie","Anvers","Torgersen","Adult, 1 Egg Stage","N40A2","Yes",2008-11-07,35.1,19.4,193,"MALE",8.90002,-26.46254,NA,4200,"Adelie"
"85","PAL0809",85,"Adelie","Anvers","Dream","Adult, 1 Egg Stage","N41A1","Yes",2008-11-17,37.3,17.8,191,"FEMALE",8.32718,-26.38396,NA,3350,"Adelie"
"86","PAL0809",86,"Adelie","Anvers","Dream","Adult, 1 Egg Stage","N41A2","Yes",2008-11-17,41.3,20.3,194,"MALE",9.14863,-26.09635,NA,3550,"Adelie"
"87","PAL0809",87,"Adelie","Anvers","Dream","Adult, 1 Egg Stage","N42A1","Yes",2008-11-08,36.3,19.5,190,"MALE",8.57087,-26.22227,NA,3800,"Adelie"
"88","PAL0809",88,"Adelie","Anvers","Dream","Adult, 1 Egg Stage","N42A2","Yes",2008-11-08,36.9,18.6,189,"FEMALE",8.59147,-26.08165,NA,3500,"Adelie"
"89","PAL0809",89,"Adelie","Anvers","Dream","Adult, 1 Egg Stage","N44A1","Yes",2008-11-08,38.3,19.2,189,"MALE",9.07826,-26.12417,NA,3950,"Adelie"
"90","PAL0809",90,"Adelie","Anvers","Dream","Adult, 1 Egg Stage","N44A2","Yes",2008-11-08,38.9,18.8,190,"FEMALE",8.36936,-26.11199,NA,3600,"Adelie"
"91","PAL0809",91,"Adelie","Anvers","Dream","Adult, 1 Egg Stage","N45A1","Yes",2008-11-14,35.7,18,202,"FEMALE",8.46531,-26.05621,NA,3550,"Adelie"
"92","PAL0809",92,"Adelie","Anvers","Dream","Adult, 1 Egg Stage","N45A2","Yes",2008-11-14,41.1,18.1,205,"MALE",8.77018,-25.83352,NA,4300,"Adelie"
"93","PAL0809",93,"Adelie","Anvers","Dream","Adult, 1 Egg Stage","N46A1","Yes",2008-11-05,34,17.1,185,"FEMALE",8.01485,-26.69543,NA,3400,"Adelie"
"94","PAL0809",94,"Adelie","Anvers","Dream","Adult, 1 Egg Stage","N46A2","Yes",2008-11-05,39.6,18.1,186,"MALE",8.49915,-26.42406,NA,4450,"Adelie"
"95","PAL0809",95,"Adelie","Anvers","Dream","Adult, 1 Egg Stage","N48A1","Yes",2008-11-17,36.2,17.3,187,"FEMALE",8.90723,-26.30037,NA,3300,"Adelie"
"96","PAL0809",96,"Adelie","Anvers","Dream","Adult, 1 Egg Stage","N48A2","Yes",2008-11-17,40.8,18.9,208,"MALE",8.48204,-26.57941,NA,4300,"Adelie"
"97","PAL0809",97,"Adelie","Anvers","Dream","Adult, 1 Egg Stage","N49A1","Yes",2008-11-08,38.1,18.6,190,"FEMALE",8.10277,-26.50086,NA,3700,"Adelie"
"98","PAL0809",98,"Adelie","Anvers","Dream","Adult, 1 Egg Stage","N49A2","Yes",2008-11-08,40.3,18.5,196,"MALE",8.39459,-26.01152,NA,4350,"Adelie"
"99","PAL0809",99,"Adelie","Anvers","Dream","Adult, 1 Egg Stage","N50A1","Yes",2008-11-10,33.1,16.1,178,"FEMALE",9.04218,-26.15775,NA,2900,"Adelie"
"100","PAL0809",100,"Adelie","Anvers","Dream","Adult, 1 Egg Stage","N50A2","Yes",2008-11-10,43.2,18.5,192,"MALE",8.97025,-26.03679,NA,4100,"Adelie"
"101","PAL0910",101,"Adelie","Anvers","Biscoe","Adult, 1 Egg Stage","N47A1","Yes",2009-11-09,35,17.9,192,"FEMALE",8.84451,-26.28055,NA,3725,"Adelie"
"102","PAL0910",102,"Adelie","Anvers","Biscoe","Adult, 1 Egg Stage","N47A2","Yes",2009-11-09,41,20,203,"MALE",9.01079,-26.38085,NA,4725,"Adelie"
"103","PAL0910",103,"Adelie","Anvers","Biscoe","Adult, 1 Egg Stage","N49A1","Yes",2009-11-15,37.7,16,183,"FEMALE",9.2151,-26.2253,NA,3075,"Adelie"
"104","PAL0910",104,"Adelie","Anvers","Biscoe","Adult, 1 Egg Stage","N49A2","Yes",2009-11-15,37.8,20,190,"MALE",9.51929,-25.69199,NA,4250,"Adelie"
"105","PAL0910",105,"Adelie","Anvers","Biscoe","Adult, 1 Egg Stage","N51A1","Yes",2009-11-15,37.9,18.6,193,"FEMALE",9.02642,-25.86482,NA,2925,"Adelie"
"106","PAL0910",106,"Adelie","Anvers","Biscoe","Adult, 1 Egg Stage","N51A2","Yes",2009-11-15,39.7,18.9,184,"MALE",8.85699,-25.80208,NA,3550,"Adelie"
"107","PAL0910",107,"Adelie","Anvers","Biscoe","Adult, 1 Egg Stage","N53A1","Yes",2009-11-15,38.6,17.2,199,"FEMALE",8.77322,-26.48973,NA,3750,"Adelie"
"108","PAL0910",108,"Adelie","Anvers","Biscoe","Adult, 1 Egg Stage","N53A2","Yes",2009-11-15,38.2,20,190,"MALE",9.59245,-25.70711,NA,3900,"Adelie"
"109","PAL0910",109,"Adelie","Anvers","Biscoe","Adult, 1 Egg Stage","N55A1","Yes",2009-11-20,38.1,17,181,"FEMALE",9.79532,-25.27385,NA,3175,"Adelie"
"110","PAL0910",110,"Adelie","Anvers","Biscoe","Adult, 1 Egg Stage","N55A2","Yes",2009-11-20,43.2,19,197,"MALE",9.31735,-25.45171,NA,4775,"Adelie"
"111","PAL0910",111,"Adelie","Anvers","Biscoe","Adult, 1 Egg Stage","N58A1","Yes",2009-11-12,38.1,16.5,198,"FEMALE",8.43951,-26.57563,NA,3825,"Adelie"
"112","PAL0910",112,"Adelie","Anvers","Biscoe","Adult, 1 Egg Stage","N58A2","Yes",2009-11-12,45.6,20.3,191,"MALE",8.65466,-26.32909,NA,4600,"Adelie"
"113","PAL0910",113,"Adelie","Anvers","Biscoe","Adult, 1 Egg Stage","N60A1","Yes",2009-11-15,39.7,17.7,193,"FEMALE",9.02657,-26.06203,NA,3200,"Adelie"
"114","PAL0910",114,"Adelie","Anvers","Biscoe","Adult, 1 Egg Stage","N60A2","Yes",2009-11-15,42.2,19.5,197,"MALE",8.80186,-26.41218,NA,4275,"Adelie"
"115","PAL0910",115,"Adelie","Anvers","Biscoe","Adult, 1 Egg Stage","N61A1","Yes",2009-11-17,39.6,20.7,191,"FEMALE",8.80967,-26.78958,NA,3900,"Adelie"
"116","PAL0910",116,"Adelie","Anvers","Biscoe","Adult, 1 Egg Stage","N61A2","Yes",2009-11-17,42.7,18.3,196,"MALE",8.91434,-26.42018,NA,4075,"Adelie"
"117","PAL0910",117,"Adelie","Anvers","Torgersen","Adult, 1 Egg Stage","N63A1","Yes",2009-11-18,38.6,17,188,"FEMALE",9.18021,-25.77264,NA,2900,"Adelie"
"118","PAL0910",118,"Adelie","Anvers","Torgersen","Adult, 1 Egg Stage","N63A2","Yes",2009-11-18,37.3,20.5,199,"MALE",9.49645,-26.36678,NA,3775,"Adelie"
"119","PAL0910",119,"Adelie","Anvers","Torgersen","Adult, 1 Egg Stage","N64A1","Yes",2009-11-22,35.7,17,189,"FEMALE",8.96436,-23.90309,NA,3350,"Adelie"
"120","PAL0910",120,"Adelie","Anvers","Torgersen","Adult, 1 Egg Stage","N64A2","Yes",2009-11-22,41.1,18.6,189,"MALE",9.32277,-26.09989,NA,3325,"Adelie"
"121","PAL0910",121,"Adelie","Anvers","Torgersen","Adult, 1 Egg Stage","N66A1","No",2009-11-17,36.2,17.2,187,"FEMALE",9.04296,-26.19444,"Nest never observed with full clutch.",3150,"Adelie"
"122","PAL0910",122,"Adelie","Anvers","Torgersen","Adult, 1 Egg Stage","N66A2","No",2009-11-17,37.7,19.8,198,"MALE",9.11066,-26.42563,"Nest never observed with full clutch.",3500,"Adelie"
"123","PAL0910",123,"Adelie","Anvers","Torgersen","Adult, 1 Egg Stage","N67A1","Yes",2009-11-16,40.2,17,176,"FEMALE",9.30722,-25.61039,NA,3450,"Adelie"
"124","PAL0910",124,"Adelie","Anvers","Torgersen","Adult, 1 Egg Stage","N67A2","Yes",2009-11-16,41.4,18.5,202,"MALE",9.59462,-25.42621,NA,3875,"Adelie"
"125","PAL0910",125,"Adelie","Anvers","Torgersen","Adult, 1 Egg Stage","N69A1","Yes",2009-11-18,35.2,15.9,186,"FEMALE",8.81668,-25.95399,NA,3050,"Adelie"
"126","PAL0910",126,"Adelie","Anvers","Torgersen","Adult, 1 Egg Stage","N69A2","Yes",2009-11-18,40.6,19,199,"MALE",9.22537,-25.60826,NA,4000,"Adelie"
"127","PAL0910",127,"Adelie","Anvers","Torgersen","Adult, 1 Egg Stage","N71A1","Yes",2009-11-21,38.8,17.6,191,"FEMALE",8.88098,-25.89741,NA,3275,"Adelie"
"128","PAL0910",128,"Adelie","Anvers","Torgersen","Adult, 1 Egg Stage","N71A2","Yes",2009-11-21,41.5,18.3,195,"MALE",8.52566,-26.0245,NA,4300,"Adelie"
"129","PAL0910",129,"Adelie","Anvers","Torgersen","Adult, 1 Egg Stage","N72A1","Yes",2009-11-18,39,17.1,191,"FEMALE",9.19031,-25.73722,NA,3050,"Adelie"
"130","PAL0910",130,"Adelie","Anvers","Torgersen","Adult, 1 Egg Stage","N72A2","Yes",2009-11-18,44.1,18,210,"MALE",9.10702,-26.01363,NA,4000,"Adelie"
"131","PAL0910",131,"Adelie","Anvers","Torgersen","Adult, 1 Egg Stage","N73A1","No",2009-11-23,38.5,17.9,190,"FEMALE",8.9846,-25.57956,"Nest never observed with full clutch.",3325,"Adelie"
"132","PAL0910",132,"Adelie","Anvers","Torgersen","Adult, 1 Egg Stage","N73A2","No",2009-11-23,43.1,19.2,197,"MALE",8.86495,-26.1396,"Nest never observed with full clutch.",3500,"Adelie"
"133","PAL0910",133,"Adelie","Anvers","Dream","Adult, 1 Egg Stage","N76A1","Yes",2009-11-10,36.8,18.5,193,"FEMALE",8.98705,-25.57647,NA,3500,"Adelie"
"134","PAL0910",134,"Adelie","Anvers","Dream","Adult, 1 Egg Stage","N76A2","Yes",2009-11-10,37.5,18.5,199,"MALE",8.56708,-26.49288,NA,4475,"Adelie"
"135","PAL0910",135,"Adelie","Anvers","Dream","Adult, 1 Egg Stage","N77A1","Yes",2009-11-13,38.1,17.6,187,"FEMALE",8.717,-25.77951,NA,3425,"Adelie"
"136","PAL0910",136,"Adelie","Anvers","Dream","Adult, 1 Egg Stage","N77A2","Yes",2009-11-13,41.1,17.5,190,"MALE",8.94365,-26.06943,NA,3900,"Adelie"
"137","PAL0910",137,"Adelie","Anvers","Dream","Adult, 1 Egg Stage","N78A1","Yes",2009-11-16,35.6,17.5,191,"FEMALE",8.75984,-25.97696,NA,3175,"Adelie"
"138","PAL0910",138,"Adelie","Anvers","Dream","Adult, 1 Egg Stage","N78A2","Yes",2009-11-16,40.2,20.1,200,"MALE",8.95998,-26.32601,NA,3975,"Adelie"
"139","PAL0910",139,"Adelie","Anvers","Dream","Adult, 1 Egg Stage","N79A1","No",2009-11-16,37,16.5,185,"FEMALE",8.61651,-26.07021,"Nest never observed with full clutch.",3400,"Adelie"
"140","PAL0910",140,"Adelie","Anvers","Dream","Adult, 1 Egg Stage","N79A2","No",2009-11-16,39.7,17.9,193,"MALE",9.25769,-25.88798,"Nest never observed with full clutch.",4250,"Adelie"
"141","PAL0910",141,"Adelie","Anvers","Dream","Adult, 1 Egg Stage","N80A1","Yes",2009-11-14,40.2,17.1,193,"FEMALE",9.2881,-25.54976,NA,3400,"Adelie"
"142","PAL0910",142,"Adelie","Anvers","Dream","Adult, 1 Egg Stage","N80A2","Yes",2009-11-14,40.6,17.2,187,"MALE",9.23408,-26.01549,NA,3475,"Adelie"
"143","PAL0910",143,"Adelie","Anvers","Dream","Adult, 1 Egg Stage","N81A1","Yes",2009-11-16,32.1,15.5,188,"FEMALE",8.79787,-26.61075,NA,3050,"Adelie"
"144","PAL0910",144,"Adelie","Anvers","Dream","Adult, 1 Egg Stage","N81A2","Yes",2009-11-16,40.7,17,190,"MALE",9.05674,-25.79529,NA,3725,"Adelie"
"145","PAL0910",145,"Adelie","Anvers","Dream","Adult, 1 Egg Stage","N82A1","Yes",2009-11-16,37.3,16.8,192,"FEMALE",9.06829,-25.85203,NA,3000,"Adelie"
"146","PAL0910",146,"Adelie","Anvers","Dream","Adult, 1 Egg Stage","N82A2","Yes",2009-11-16,39,18.7,185,"MALE",9.22033,-26.03442,NA,3650,"Adelie"
"147","PAL0910",147,"Adelie","Anvers","Dream","Adult, 1 Egg Stage","N83A1","Yes",2009-11-13,39.2,18.6,190,"MALE",9.11006,-25.79549,NA,4250,"Adelie"
"148","PAL0910",148,"Adelie","Anvers","Dream","Adult, 1 Egg Stage","N83A2","Yes",2009-11-13,36.6,18.4,184,"FEMALE",8.68744,-25.8306,NA,3475,"Adelie"
"149","PAL0910",149,"Adelie","Anvers","Dream","Adult, 1 Egg Stage","N84A1","Yes",2009-11-17,36,17.8,195,"FEMALE",8.94332,-25.79189,NA,3450,"Adelie"
"150","PAL0910",150,"Adelie","Anvers","Dream","Adult, 1 Egg Stage","N84A2","Yes",2009-11-17,37.8,18.1,193,"MALE",8.97533,-26.03495,NA,3750,"Adelie"
"151","PAL0910",151,"Adelie","Anvers","Dream","Adult, 1 Egg Stage","N85A1","Yes",2009-11-17,36,17.1,187,"FEMALE",8.93465,-26.07081,NA,3700,"Adelie"
"152","PAL0910",152,"Adelie","Anvers","Dream","Adult, 1 Egg Stage","N85A2","Yes",2009-11-17,41.5,18.5,201,"MALE",8.8964,-26.06967,NA,4000,"Adelie"
"153","PAL0708",1,"Gentoo","Anvers","Biscoe","Adult, 1 Egg Stage","N31A1","Yes",2007-11-27,46.1,13.2,211,"FEMALE",7.993,-25.5139,NA,4500,"Gentoo"
"154","PAL0708",2,"Gentoo","Anvers","Biscoe","Adult, 1 Egg Stage","N31A2","Yes",2007-11-27,50,16.3,230,"MALE",8.14756,-25.39369,NA,5700,"Gentoo"
"155","PAL0708",3,"Gentoo","Anvers","Biscoe","Adult, 1 Egg Stage","N32A1","Yes",2007-11-27,48.7,14.1,210,"FEMALE",8.14705,-25.46172,NA,4450,"Gentoo"
"156","PAL0708",4,"Gentoo","Anvers","Biscoe","Adult, 1 Egg Stage","N32A2","Yes",2007-11-27,50,15.2,218,"MALE",8.2554,-25.40075,NA,5700,"Gentoo"
"157","PAL0708",5,"Gentoo","Anvers","Biscoe","Adult, 1 Egg Stage","N33A1","Yes",2007-11-18,47.6,14.5,215,"MALE",8.2345,-25.54456,NA,5400,"Gentoo"
"158","PAL0708",6,"Gentoo","Anvers","Biscoe","Adult, 1 Egg Stage","N33A2","Yes",2007-11-18,46.5,13.5,210,"FEMALE",7.9953,-25.32829,NA,4550,"Gentoo"
"159","PAL0708",7,"Gentoo","Anvers","Biscoe","Adult, 1 Egg Stage","N34A1","Yes",2007-11-27,45.4,14.6,211,"FEMALE",8.24515,-25.46782,NA,4800,"Gentoo"
"160","PAL0708",8,"Gentoo","Anvers","Biscoe","Adult, 1 Egg Stage","N34A2","Yes",2007-11-27,46.7,15.3,219,"MALE",8.22673,-25.4276,NA,5200,"Gentoo"
"161","PAL0708",9,"Gentoo","Anvers","Biscoe","Adult, 1 Egg Stage","N35A1","Yes",2007-11-27,43.3,13.4,209,"FEMALE",8.13643,-25.32176,NA,4400,"Gentoo"
"162","PAL0708",10,"Gentoo","Anvers","Biscoe","Adult, 1 Egg Stage","N35A2","Yes",2007-11-27,46.8,15.4,215,"MALE",8.1631,-25.38017,NA,5150,"Gentoo"
"163","PAL0708",11,"Gentoo","Anvers","Biscoe","Adult, 1 Egg Stage","N36A1","No",2007-11-27,40.9,13.7,214,"FEMALE",8.19579,-25.3933,"Nest never observed with full clutch.",4650,"Gentoo"
"164","PAL0708",12,"Gentoo","Anvers","Biscoe","Adult, 1 Egg Stage","N36A2","No",2007-11-27,49,16.1,216,"MALE",8.10417,-25.50562,"Nest never observed with full clutch.",5550,"Gentoo"
"165","PAL0708",13,"Gentoo","Anvers","Biscoe","Adult, 1 Egg Stage","N37A1","Yes",2007-11-29,45.5,13.7,214,"FEMALE",7.77672,-25.4168,NA,4650,"Gentoo"
"166","PAL0708",14,"Gentoo","Anvers","Biscoe","Adult, 1 Egg Stage","N37A2","Yes",2007-11-29,48.4,14.6,213,"MALE",7.8208,-25.48025,NA,5850,"Gentoo"
"167","PAL0708",15,"Gentoo","Anvers","Biscoe","Adult, 1 Egg Stage","N38A1","Yes",2007-12-03,45.8,14.6,210,"FEMALE",7.79958,-25.62618,NA,4200,"Gentoo"
"168","PAL0708",16,"Gentoo","Anvers","Biscoe","Adult, 1 Egg Stage","N38A2","Yes",2007-12-03,49.3,15.7,217,"MALE",8.07137,-25.52473,NA,5850,"Gentoo"
"169","PAL0708",17,"Gentoo","Anvers","Biscoe","Adult, 1 Egg Stage","N39A1","Yes",2007-11-27,42,13.5,210,"FEMALE",7.63884,-25.52627,NA,4150,"Gentoo"
"170","PAL0708",18,"Gentoo","Anvers","Biscoe","Adult, 1 Egg Stage","N39A2","Yes",2007-11-27,49.2,15.2,221,"MALE",8.27376,-25.00169,NA,6300,"Gentoo"
"171","PAL0708",19,"Gentoo","Anvers","Biscoe","Adult, 1 Egg Stage","N40A1","Yes",2007-11-27,46.2,14.5,209,"FEMALE",7.84057,-25.37899,NA,4800,"Gentoo"
"172","PAL0708",20,"Gentoo","Anvers","Biscoe","Adult, 1 Egg Stage","N40A2","Yes",2007-11-27,48.7,15.1,222,"MALE",7.96491,-25.39587,NA,5350,"Gentoo"
"173","PAL0708",21,"Gentoo","Anvers","Biscoe","Adult, 1 Egg Stage","N41A1","Yes",2007-11-27,50.2,14.3,218,"MALE",7.8962,-25.37746,NA,5700,"Gentoo"
"174","PAL0708",22,"Gentoo","Anvers","Biscoe","Adult, 1 Egg Stage","N41A2","Yes",2007-11-27,45.1,14.5,215,"FEMALE",7.6322,-25.46569,NA,5000,"Gentoo"
"175","PAL0708",23,"Gentoo","Anvers","Biscoe","Adult, 1 Egg Stage","N42A1","Yes",2007-11-27,46.5,14.5,213,"FEMALE",7.90436,-25.3947,NA,4400,"Gentoo"
"176","PAL0708",24,"Gentoo","Anvers","Biscoe","Adult, 1 Egg Stage","N42A2","Yes",2007-11-27,46.3,15.8,215,"MALE",7.90971,-25.38157,NA,5050,"Gentoo"
"177","PAL0708",25,"Gentoo","Anvers","Biscoe","Adult, 1 Egg Stage","N44A1","Yes",2007-11-29,42.9,13.1,215,"FEMALE",7.68528,-25.39181,NA,5000,"Gentoo"
"178","PAL0708",26,"Gentoo","Anvers","Biscoe","Adult, 1 Egg Stage","N44A2","Yes",2007-11-29,46.1,15.1,215,"MALE",7.83733,-25.42826,NA,5100,"Gentoo"
"179","PAL0708",27,"Gentoo","Anvers","Biscoe","Adult, 1 Egg Stage","N46A1","Yes",2007-11-29,44.5,14.3,216,NA,7.96621,-25.69327,"Sexing primers did not amplify.",4100,"Gentoo"
"180","PAL0708",28,"Gentoo","Anvers","Biscoe","Adult, 1 Egg Stage","N46A2","Yes",2007-11-29,47.8,15,215,"MALE",7.92358,-25.48383,NA,5650,"Gentoo"
"181","PAL0708",29,"Gentoo","Anvers","Biscoe","Adult, 1 Egg Stage","N47A1","Yes",2007-11-29,48.2,14.3,210,"FEMALE",7.6887,-25.50811,NA,4600,"Gentoo"
"182","PAL0708",30,"Gentoo","Anvers","Biscoe","Adult, 1 Egg Stage","N47A2","Yes",2007-11-29,50,15.3,220,"MALE",8.30515,-25.19017,NA,5550,"Gentoo"
"183","PAL0708",31,"Gentoo","Anvers","Biscoe","Adult, 1 Egg Stage","N50A1","Yes",2007-11-29,47.3,15.3,222,"MALE",NA,NA,"Not enough blood for isotopes.",5250,"Gentoo"
"184","PAL0708",32,"Gentoo","Anvers","Biscoe","Adult, 1 Egg Stage","N50A2","Yes",2007-11-29,42.8,14.2,209,"FEMALE",7.63452,-25.46327,NA,4700,"Gentoo"
"185","PAL0708",33,"Gentoo","Anvers","Biscoe","Adult, 1 Egg Stage","N56A1","Yes",2007-12-03,45.1,14.5,207,"FEMALE",7.97408,-25.53768,NA,5050,"Gentoo"
"186","PAL0708",34,"Gentoo","Anvers","Biscoe","Adult, 1 Egg Stage","N56A2","Yes",2007-12-03,59.6,17,230,"MALE",7.76843,-25.6821,NA,6050,"Gentoo"
"187","PAL0809",35,"Gentoo","Anvers","Biscoe","Adult, 1 Egg Stage","N2A1","Yes",2008-11-13,49.1,14.8,220,"FEMALE",7.89744,-26.63405,NA,5150,"Gentoo"
"188","PAL0809",36,"Gentoo","Anvers","Biscoe","Adult, 1 Egg Stage","N2A2","Yes",2008-11-13,48.4,16.3,220,"MALE",8.03659,-26.86127,NA,5400,"Gentoo"
"189","PAL0809",37,"Gentoo","Anvers","Biscoe","Adult, 1 Egg Stage","N4A1","Yes",2008-11-02,42.6,13.7,213,"FEMALE",7.96935,-26.70968,NA,4950,"Gentoo"
"190","PAL0809",38,"Gentoo","Anvers","Biscoe","Adult, 1 Egg Stage","N4A2","Yes",2008-11-02,44.4,17.3,219,"MALE",8.13746,-26.79093,NA,5250,"Gentoo"
"191","PAL0809",39,"Gentoo","Anvers","Biscoe","Adult, 1 Egg Stage","N5A1","Yes",2008-11-09,44,13.6,208,"FEMALE",8.01979,-26.68311,NA,4350,"Gentoo"
"192","PAL0809",40,"Gentoo","Anvers","Biscoe","Adult, 1 Egg Stage","N5A2","Yes",2008-11-09,48.7,15.7,208,"MALE",8.14776,-26.84506,NA,5350,"Gentoo"
"193","PAL0809",41,"Gentoo","Anvers","Biscoe","Adult, 1 Egg Stage","N6A1","No",2008-11-04,42.7,13.7,208,"FEMALE",8.14567,-26.59467,"Nest never observed with full clutch.",3950,"Gentoo"
"194","PAL0809",42,"Gentoo","Anvers","Biscoe","Adult, 1 Egg Stage","N6A2","No",2008-11-04,49.6,16,225,"MALE",8.38324,-26.84272,"Nest never observed with full clutch.",5700,"Gentoo"
"195","PAL0809",43,"Gentoo","Anvers","Biscoe","Adult, 1 Egg Stage","N7A1","Yes",2008-11-04,45.3,13.7,210,"FEMALE",8.37615,-26.72791,NA,4300,"Gentoo"
"196","PAL0809",44,"Gentoo","Anvers","Biscoe","Adult, 1 Egg Stage","N7A2","Yes",2008-11-04,49.6,15,216,"MALE",8.26548,-26.7699,NA,4750,"Gentoo"
"197","PAL0809",45,"Gentoo","Anvers","Biscoe","Adult, 1 Egg Stage","N8A1","Yes",2008-11-03,50.5,15.9,222,"MALE",8.46894,-26.60436,NA,5550,"Gentoo"
"198","PAL0809",46,"Gentoo","Anvers","Biscoe","Adult, 1 Egg Stage","N8A2","Yes",2008-11-03,43.6,13.9,217,"FEMALE",8.27141,-26.7765,NA,4900,"Gentoo"
"199","PAL0809",47,"Gentoo","Anvers","Biscoe","Adult, 1 Egg Stage","N11A1","No",2008-11-09,45.5,13.9,210,"FEMALE",8.47829,-26.61788,"Nest never observed with full clutch.",4200,"Gentoo"
"200","PAL0809",48,"Gentoo","Anvers","Biscoe","Adult, 1 Egg Stage","N11A2","No",2008-11-09,50.5,15.9,225,"MALE",8.65803,-26.57585,"Nest never observed with full clutch.",5400,"Gentoo"
"201","PAL0809",49,"Gentoo","Anvers","Biscoe","Adult, 1 Egg Stage","N12A1","Yes",2008-11-02,44.9,13.3,213,"FEMALE",8.45167,-26.89644,NA,5100,"Gentoo"
"202","PAL0809",50,"Gentoo","Anvers","Biscoe","Adult, 1 Egg Stage","N12A2","Yes",2008-11-02,45.2,15.8,215,"MALE",8.55868,-26.67799,NA,5300,"Gentoo"
"203","PAL0809",51,"Gentoo","Anvers","Biscoe","Adult, 1 Egg Stage","N13A1","Yes",2008-11-04,46.6,14.2,210,"FEMALE",8.38289,-26.86352,NA,4850,"Gentoo"
"204","PAL0809",52,"Gentoo","Anvers","Biscoe","Adult, 1 Egg Stage","N13A2","Yes",2008-11-04,48.5,14.1,220,"MALE",8.39867,-26.79358,NA,5300,"Gentoo"
"205","PAL0809",53,"Gentoo","Anvers","Biscoe","Adult, 1 Egg Stage","N14A1","Yes",2008-11-04,45.1,14.4,210,"FEMALE",8.51951,-27.01854,NA,4400,"Gentoo"
"206","PAL0809",54,"Gentoo","Anvers","Biscoe","Adult, 1 Egg Stage","N14A2","Yes",2008-11-04,50.1,15,225,"MALE",8.50153,-26.61414,NA,5000,"Gentoo"
"207","PAL0809",55,"Gentoo","Anvers","Biscoe","Adult, 1 Egg Stage","N15A1","Yes",2008-11-04,46.5,14.4,217,"FEMALE",8.48789,-26.83006,NA,4900,"Gentoo"
"208","PAL0809",56,"Gentoo","Anvers","Biscoe","Adult, 1 Egg Stage","N15A2","Yes",2008-11-04,45,15.4,220,"MALE",8.63488,-26.75621,NA,5050,"Gentoo"
"209","PAL0809",57,"Gentoo","Anvers","Biscoe","Adult, 1 Egg Stage","N16A1","Yes",2008-11-03,43.8,13.9,208,"FEMALE",8.58319,-26.84415,NA,4300,"Gentoo"
"210","PAL0809",58,"Gentoo","Anvers","Biscoe","Adult, 1 Egg Stage","N16A2","Yes",2008-11-03,45.5,15,220,"MALE",8.63604,-26.7489,NA,5000,"Gentoo"
"211","PAL0809",59,"Gentoo","Anvers","Biscoe","Adult, 1 Egg Stage","N17A1","Yes",2008-11-06,43.2,14.5,208,"FEMALE",8.48367,-26.86485,NA,4450,"Gentoo"
"212","PAL0809",60,"Gentoo","Anvers","Biscoe","Adult, 1 Egg Stage","N17A2","Yes",2008-11-06,50.4,15.3,224,"MALE",8.74647,-26.79846,NA,5550,"Gentoo"
"213","PAL0809",61,"Gentoo","Anvers","Biscoe","Adult, 1 Egg Stage","N18A1","Yes",2008-11-03,45.3,13.8,208,"FEMALE",8.65015,-26.79053,NA,4200,"Gentoo"
"214","PAL0809",62,"Gentoo","Anvers","Biscoe","Adult, 1 Egg Stage","N18A2","Yes",2008-11-03,46.2,14.9,221,"MALE",8.60092,-26.84374,NA,5300,"Gentoo"
"215","PAL0809",63,"Gentoo","Anvers","Biscoe","Adult, 1 Egg Stage","N19A1","Yes",2008-11-13,45.7,13.9,214,"FEMALE",8.6287,-26.60484,NA,4400,"Gentoo"
"216","PAL0809",64,"Gentoo","Anvers","Biscoe","Adult, 1 Egg Stage","N19A2","Yes",2008-11-13,54.3,15.7,231,"MALE",8.49662,-26.84166,NA,5650,"Gentoo"
"217","PAL0809",65,"Gentoo","Anvers","Biscoe","Adult, 1 Egg Stage","N20A1","Yes",2008-11-04,45.8,14.2,219,"FEMALE",8.60447,-26.61601,NA,4700,"Gentoo"
"218","PAL0809",66,"Gentoo","Anvers","Biscoe","Adult, 1 Egg Stage","N20A2","Yes",2008-11-04,49.8,16.8,230,"MALE",8.47067,-26.69166,NA,5700,"Gentoo"
"219","PAL0809",67,"Gentoo","Anvers","Biscoe","Adult, 1 Egg Stage","N51A1","Yes",2008-11-09,46.2,14.4,214,NA,8.24253,-26.8154,"Sexing primers did not amplify.",4650,"Gentoo"
"220","PAL0809",68,"Gentoo","Anvers","Biscoe","Adult, 1 Egg Stage","N51A2","Yes",2008-11-09,49.5,16.2,229,"MALE",8.49854,-26.74809,NA,5800,"Gentoo"
"221","PAL0809",69,"Gentoo","Anvers","Biscoe","Adult, 1 Egg Stage","N53A1","Yes",2008-11-13,43.5,14.2,220,"FEMALE",8.64931,-26.68867,NA,4700,"Gentoo"
"222","PAL0809",70,"Gentoo","Anvers","Biscoe","Adult, 1 Egg Stage","N53A2","Yes",2008-11-13,50.7,15,223,"MALE",8.63551,-26.74249,NA,5550,"Gentoo"
"223","PAL0809",71,"Gentoo","Anvers","Biscoe","Adult, 1 Egg Stage","N54A1","Yes",2008-11-03,47.7,15,216,"FEMALE",8.53018,-26.72751,NA,4750,"Gentoo"
"224","PAL0809",72,"Gentoo","Anvers","Biscoe","Adult, 1 Egg Stage","N54A2","Yes",2008-11-03,46.4,15.6,221,"MALE",8.35078,-26.70783,NA,5000,"Gentoo"
"225","PAL0809",73,"Gentoo","Anvers","Biscoe","Adult, 1 Egg Stage","N55A1","Yes",2008-11-09,48.2,15.6,221,"MALE",8.24651,-26.66958,NA,5100,"Gentoo"
"226","PAL0809",74,"Gentoo","Anvers","Biscoe","Adult, 1 Egg Stage","N55A2","Yes",2008-11-09,46.5,14.8,217,"FEMALE",8.58487,-26.5929,NA,5200,"Gentoo"
"227","PAL0809",75,"Gentoo","Anvers","Biscoe","Adult, 1 Egg Stage","N56A1","Yes",2008-11-06,46.4,15,216,"FEMALE",8.47938,-26.9547,NA,4700,"Gentoo"
"228","PAL0809",76,"Gentoo","Anvers","Biscoe","Adult, 1 Egg Stage","N56A2","Yes",2008-11-06,48.6,16,230,"MALE",8.5964,-26.71199,NA,5800,"Gentoo"
"229","PAL0809",77,"Gentoo","Anvers","Biscoe","Adult, 1 Egg Stage","N58A1","Yes",2008-11-06,47.5,14.2,209,"FEMALE",8.39299,-26.78733,NA,4600,"Gentoo"
"230","PAL0809",78,"Gentoo","Anvers","Biscoe","Adult, 1 Egg Stage","N58A2","Yes",2008-11-06,51.1,16.3,220,"MALE",8.40327,-26.76821,NA,6000,"Gentoo"
"231","PAL0809",79,"Gentoo","Anvers","Biscoe","Adult, 1 Egg Stage","N60A1","Yes",2008-11-09,45.2,13.8,215,"FEMALE",8.24694,-26.65359,NA,4750,"Gentoo"
"232","PAL0809",80,"Gentoo","Anvers","Biscoe","Adult, 1 Egg Stage","N60A2","Yes",2008-11-09,45.2,16.4,223,"MALE",8.19749,-26.65931,NA,5950,"Gentoo"
"233","PAL0910",81,"Gentoo","Anvers","Biscoe","Adult, 1 Egg Stage","N1A1","Yes",2009-11-18,49.1,14.5,212,"FEMALE",8.35802,-26.2766,NA,4625,"Gentoo"
"234","PAL0910",82,"Gentoo","Anvers","Biscoe","Adult, 1 Egg Stage","N1A2","Yes",2009-11-18,52.5,15.6,221,"MALE",8.28601,-26.27573,NA,5450,"Gentoo"
"235","PAL0910",83,"Gentoo","Anvers","Biscoe","Adult, 1 Egg Stage","N6A1","Yes",2009-11-15,47.4,14.6,212,"FEMALE",8.19101,-26.24369,NA,4725,"Gentoo"
"236","PAL0910",84,"Gentoo","Anvers","Biscoe","Adult, 1 Egg Stage","N6A2","Yes",2009-11-15,50,15.9,224,"MALE",8.20042,-26.39677,NA,5350,"Gentoo"
"237","PAL0910",85,"Gentoo","Anvers","Biscoe","Adult, 1 Egg Stage","N8A1","Yes",2009-11-22,44.9,13.8,212,"FEMALE",8.11238,-26.20372,NA,4750,"Gentoo"
"238","PAL0910",86,"Gentoo","Anvers","Biscoe","Adult, 1 Egg Stage","N8A2","Yes",2009-11-22,50.8,17.3,228,"MALE",8.27428,-26.30019,NA,5600,"Gentoo"
"239","PAL0910",87,"Gentoo","Anvers","Biscoe","Adult, 1 Egg Stage","N13A1","Yes",2009-11-20,43.4,14.4,218,"FEMALE",8.23468,-26.18599,NA,4600,"Gentoo"
"240","PAL0910",88,"Gentoo","Anvers","Biscoe","Adult, 1 Egg Stage","N13A2","Yes",2009-11-20,51.3,14.2,218,"MALE",8.15426,-26.3433,NA,5300,"Gentoo"
"241","PAL0910",89,"Gentoo","Anvers","Biscoe","Adult, 1 Egg Stage","N14A1","Yes",2009-11-25,47.5,14,212,"FEMALE",8.12691,-26.23613,NA,4875,"Gentoo"
"242","PAL0910",90,"Gentoo","Anvers","Biscoe","Adult, 1 Egg Stage","N14A2","Yes",2009-11-25,52.1,17,230,"MALE",8.27595,-26.11657,NA,5550,"Gentoo"
"243","PAL0910",91,"Gentoo","Anvers","Biscoe","Adult, 1 Egg Stage","N15A1","Yes",2009-11-25,47.5,15,218,"FEMALE",8.29671,-26.08547,NA,4950,"Gentoo"
"244","PAL0910",92,"Gentoo","Anvers","Biscoe","Adult, 1 Egg Stage","N15A2","Yes",2009-11-25,52.2,17.1,228,"MALE",8.36701,-25.89834,NA,5400,"Gentoo"
"245","PAL0910",93,"Gentoo","Anvers","Biscoe","Adult, 1 Egg Stage","N18A1","Yes",2009-12-01,45.5,14.5,212,"FEMALE",8.15566,-26.22848,NA,4750,"Gentoo"
"246","PAL0910",94,"Gentoo","Anvers","Biscoe","Adult, 1 Egg Stage","N18A2","Yes",2009-12-01,49.5,16.1,224,"MALE",8.83352,-25.69195,NA,5650,"Gentoo"
"247","PAL0910",95,"Gentoo","Anvers","Biscoe","Adult, 1 Egg Stage","N19A1","Yes",2009-11-27,44.5,14.7,214,"FEMALE",8.20106,-26.16524,NA,4850,"Gentoo"
"248","PAL0910",96,"Gentoo","Anvers","Biscoe","Adult, 1 Egg Stage","N19A2","Yes",2009-11-27,50.8,15.7,226,"MALE",8.27102,-26.11244,NA,5200,"Gentoo"
"249","PAL0910",97,"Gentoo","Anvers","Biscoe","Adult, 1 Egg Stage","N20A1","Yes",2009-11-18,49.4,15.8,216,"MALE",8.03624,-26.06594,NA,4925,"Gentoo"
"250","PAL0910",98,"Gentoo","Anvers","Biscoe","Adult, 1 Egg Stage","N20A2","Yes",2009-11-18,46.9,14.6,222,"FEMALE",7.8881,-26.04726,NA,4875,"Gentoo"
"251","PAL0910",99,"Gentoo","Anvers","Biscoe","Adult, 1 Egg Stage","N21A1","Yes",2009-11-18,48.4,14.4,203,"FEMALE",8.16582,-26.13971,NA,4625,"Gentoo"
"252","PAL0910",100,"Gentoo","Anvers","Biscoe","Adult, 1 Egg Stage","N21A2","Yes",2009-11-18,51.1,16.5,225,"MALE",8.2066,-26.36863,NA,5250,"Gentoo"
"253","PAL0910",101,"Gentoo","Anvers","Biscoe","Adult, 1 Egg Stage","N22A1","Yes",2009-11-22,48.5,15,219,"FEMALE",8.10231,-26.18763,NA,4850,"Gentoo"
"254","PAL0910",102,"Gentoo","Anvers","Biscoe","Adult, 1 Egg Stage","N22A2","Yes",2009-11-22,55.9,17,228,"MALE",8.3118,-26.35425,NA,5600,"Gentoo"
"255","PAL0910",103,"Gentoo","Anvers","Biscoe","Adult, 1 Egg Stage","N23A1","Yes",2009-11-18,47.2,15.5,215,"FEMALE",8.30817,-26.21651,NA,4975,"Gentoo"
"256","PAL0910",104,"Gentoo","Anvers","Biscoe","Adult, 1 Egg Stage","N23A2","Yes",2009-11-18,49.1,15,228,"MALE",8.65914,-25.79203,NA,5500,"Gentoo"
"257","PAL0910",105,"Gentoo","Anvers","Biscoe","Adult, 1 Egg Stage","N24A1","Yes",2009-12-01,47.3,13.8,216,NA,8.25818,-26.23886,"Sexing primers did not amplify.",4725,"Gentoo"
"258","PAL0910",106,"Gentoo","Anvers","Biscoe","Adult, 1 Egg Stage","N24A2","Yes",2009-12-01,46.8,16.1,215,"MALE",8.32359,-26.05756,NA,5500,"Gentoo"
"259","PAL0910",107,"Gentoo","Anvers","Biscoe","Adult, 1 Egg Stage","N28A1","Yes",2009-11-10,41.7,14.7,210,"FEMALE",8.12311,-26.44815,NA,4700,"Gentoo"
"260","PAL0910",108,"Gentoo","Anvers","Biscoe","Adult, 1 Egg Stage","N28A2","Yes",2009-11-10,53.4,15.8,219,"MALE",8.41017,-26.33867,NA,5500,"Gentoo"
"261","PAL0910",109,"Gentoo","Anvers","Biscoe","Adult, 1 Egg Stage","N29A1","Yes",2009-11-09,43.3,14,208,"FEMALE",8.4207,-26.38092,NA,4575,"Gentoo"
"262","PAL0910",110,"Gentoo","Anvers","Biscoe","Adult, 1 Egg Stage","N29A2","Yes",2009-11-09,48.1,15.1,209,"MALE",8.45738,-26.22664,NA,5500,"Gentoo"
"263","PAL0910",111,"Gentoo","Anvers","Biscoe","Adult, 1 Egg Stage","N32A1","Yes",2009-11-20,50.5,15.2,216,"FEMALE",8.24691,-26.18466,NA,5000,"Gentoo"
"264","PAL0910",112,"Gentoo","Anvers","Biscoe","Adult, 1 Egg Stage","N32A2","Yes",2009-11-20,49.8,15.9,229,"MALE",8.29226,-26.21019,NA,5950,"Gentoo"
"265","PAL0910",113,"Gentoo","Anvers","Biscoe","Adult, 1 Egg Stage","N34A1","Yes",2009-11-27,43.5,15.2,213,"FEMALE",8.21634,-26.11046,NA,4650,"Gentoo"
"266","PAL0910",114,"Gentoo","Anvers","Biscoe","Adult, 1 Egg Stage","N34A2","Yes",2009-11-27,51.5,16.3,230,"MALE",8.78557,-25.76147,NA,5500,"Gentoo"
"267","PAL0910",115,"Gentoo","Anvers","Biscoe","Adult, 1 Egg Stage","N35A1","Yes",2009-11-25,46.2,14.1,217,"FEMALE",8.30231,-25.96013,NA,4375,"Gentoo"
"268","PAL0910",116,"Gentoo","Anvers","Biscoe","Adult, 1 Egg Stage","N35A2","Yes",2009-11-25,55.1,16,230,"MALE",8.08354,-26.18161,NA,5850,"Gentoo"
"269","PAL0910",117,"Gentoo","Anvers","Biscoe","Adult, 1 Egg Stage","N36A1","Yes",2009-12-01,44.5,15.7,217,NA,8.04111,-26.18444,"Sexing primers did not amplify.",4875,"Gentoo"
"270","PAL0910",118,"Gentoo","Anvers","Biscoe","Adult, 1 Egg Stage","N36A2","Yes",2009-12-01,48.8,16.2,222,"MALE",8.33825,-25.88547,NA,6000,"Gentoo"
"271","PAL0910",119,"Gentoo","Anvers","Biscoe","Adult, 1 Egg Stage","N38A1","No",2009-12-01,47.2,13.7,214,"FEMALE",7.99184,-26.20538,"Nest never observed with full clutch.",4925,"Gentoo"
"272","PAL0910",120,"Gentoo","Anvers","Biscoe","Adult, 1 Egg Stage","N38A2","No",2009-12-01,NA,NA,NA,NA,NA,NA,"Adult not sampled. Nest never observed with full clutch.",NA,NA
"273","PAL0910",121,"Gentoo","Anvers","Biscoe","Adult, 1 Egg Stage","N39A1","Yes",2009-11-22,46.8,14.3,215,"FEMALE",8.41151,-26.13832,NA,4850,"Gentoo"
"274","PAL0910",122,"Gentoo","Anvers","Biscoe","Adult, 1 Egg Stage","N39A2","Yes",2009-11-22,50.4,15.7,222,"MALE",8.30166,-26.04117,NA,5750,"Gentoo"
"275","PAL0910",123,"Gentoo","Anvers","Biscoe","Adult, 1 Egg Stage","N43A1","Yes",2009-11-22,45.2,14.8,212,"FEMALE",8.24246,-26.11969,NA,5200,"Gentoo"
"276","PAL0910",124,"Gentoo","Anvers","Biscoe","Adult, 1 Egg Stage","N43A2","Yes",2009-11-22,49.9,16.1,213,"MALE",8.3639,-26.15531,NA,5400,"Gentoo"
"277","PAL0708",1,"Chinstrap","Anvers","Dream","Adult, 1 Egg Stage","N61A1","No",2007-11-19,46.5,17.9,192,"FEMALE",9.03935,-24.30229,"Nest never observed with full clutch.",3500,"Chinstrap"
"278","PAL0708",2,"Chinstrap","Anvers","Dream","Adult, 1 Egg Stage","N61A2","No",2007-11-19,50,19.5,196,"MALE",8.92069,-24.23592,"Nest never observed with full clutch.",3900,"Chinstrap"
"279","PAL0708",3,"Chinstrap","Anvers","Dream","Adult, 1 Egg Stage","N62A1","Yes",2007-11-26,51.3,19.2,193,"MALE",9.29078,-24.7557,NA,3650,"Chinstrap"
"280","PAL0708",4,"Chinstrap","Anvers","Dream","Adult, 1 Egg Stage","N62A2","Yes",2007-11-26,45.4,18.7,188,"FEMALE",8.64701,-24.62717,NA,3525,"Chinstrap"
"281","PAL0708",5,"Chinstrap","Anvers","Dream","Adult, 1 Egg Stage","N64A1","Yes",2007-11-21,52.7,19.8,197,"MALE",9.00642,-24.61867,NA,3725,"Chinstrap"
"282","PAL0708",6,"Chinstrap","Anvers","Dream","Adult, 1 Egg Stage","N64A2","Yes",2007-11-21,45.2,17.8,198,"FEMALE",8.88942,-24.49433,NA,3950,"Chinstrap"
"283","PAL0708",7,"Chinstrap","Anvers","Dream","Adult, 1 Egg Stage","N66A1","Yes",2007-11-28,46.1,18.2,178,"FEMALE",8.85664,-24.55644,NA,3250,"Chinstrap"
"284","PAL0708",8,"Chinstrap","Anvers","Dream","Adult, 1 Egg Stage","N66A2","Yes",2007-11-28,51.3,18.2,197,"MALE",8.63701,-24.84059,NA,3750,"Chinstrap"
"285","PAL0708",9,"Chinstrap","Anvers","Dream","Adult, 1 Egg Stage","N67A1","Yes",2007-11-21,46,18.9,195,"FEMALE",8.47173,-24.29229,NA,4150,"Chinstrap"
"286","PAL0708",10,"Chinstrap","Anvers","Dream","Adult, 1 Egg Stage","N67A2","Yes",2007-11-21,51.3,19.9,198,"MALE",8.79581,-24.36088,NA,3700,"Chinstrap"
"287","PAL0708",11,"Chinstrap","Anvers","Dream","Adult, 1 Egg Stage","N68A1","Yes",2007-11-28,46.6,17.8,193,"FEMALE",8.95063,-24.59897,NA,3800,"Chinstrap"
"288","PAL0708",12,"Chinstrap","Anvers","Dream","Adult, 1 Egg Stage","N68A2","Yes",2007-11-28,51.7,20.3,194,"MALE",8.68747,-24.38751,NA,3775,"Chinstrap"
"289","PAL0708",13,"Chinstrap","Anvers","Dream","Adult, 1 Egg Stage","N69A1","Yes",2007-11-26,47,17.3,185,"FEMALE",8.72037,-24.80526,NA,3700,"Chinstrap"
"290","PAL0708",14,"Chinstrap","Anvers","Dream","Adult, 1 Egg Stage","N69A2","Yes",2007-11-26,52,18.1,201,"MALE",9.0233,-24.38933,NA,4050,"Chinstrap"
"291","PAL0708",15,"Chinstrap","Anvers","Dream","Adult, 1 Egg Stage","N70A1","Yes",2007-11-22,45.9,17.1,190,"FEMALE",9.12277,-24.90024,NA,3575,"Chinstrap"
"292","PAL0708",16,"Chinstrap","Anvers","Dream","Adult, 1 Egg Stage","N70A2","Yes",2007-11-22,50.5,19.6,201,"MALE",9.8059,-24.7294,NA,4050,"Chinstrap"
"293","PAL0708",17,"Chinstrap","Anvers","Dream","Adult, 1 Egg Stage","N71A1","No",2007-11-30,50.3,20,197,"MALE",10.02019,-24.54704,"Nest never observed with full clutch.",3300,"Chinstrap"
"294","PAL0708",18,"Chinstrap","Anvers","Dream","Adult, 1 Egg Stage","N71A2","No",2007-11-30,58,17.8,181,"FEMALE",9.14382,-24.57994,"Nest never observed with full clutch.",3700,"Chinstrap"
"295","PAL0708",19,"Chinstrap","Anvers","Dream","Adult, 1 Egg Stage","N72A1","Yes",2007-11-30,46.4,18.6,190,"FEMALE",9.32105,-24.64162,NA,3450,"Chinstrap"
"296","PAL0708",20,"Chinstrap","Anvers","Dream","Adult, 1 Egg Stage","N72A2","Yes",2007-11-30,49.2,18.2,195,"MALE",9.27158,-24.64335,NA,4400,"Chinstrap"
"297","PAL0708",21,"Chinstrap","Anvers","Dream","Adult, 1 Egg Stage","N73A1","Yes",2007-12-03,42.4,17.3,181,"FEMALE",9.35138,-24.6879,NA,3600,"Chinstrap"
"298","PAL0708",22,"Chinstrap","Anvers","Dream","Adult, 1 Egg Stage","N73A2","Yes",2007-12-03,48.5,17.5,191,"MALE",9.42666,-24.26375,NA,3400,"Chinstrap"
"299","PAL0708",23,"Chinstrap","Anvers","Dream","Adult, 1 Egg Stage","N85A1","No",2007-11-28,43.2,16.6,187,"FEMALE",9.35416,-25.01185,"Nest never observed with full clutch.",2900,"Chinstrap"
"300","PAL0708",24,"Chinstrap","Anvers","Dream","Adult, 1 Egg Stage","N85A2","No",2007-11-28,50.6,19.4,193,"MALE",9.28153,-24.97134,"Nest never observed with full clutch.",3800,"Chinstrap"
"301","PAL0708",25,"Chinstrap","Anvers","Dream","Adult, 1 Egg Stage","N89A1","No",2007-11-28,46.7,17.9,195,"FEMALE",9.74144,-24.59467,"Nest never observed with full clutch.",3300,"Chinstrap"
"302","PAL0708",26,"Chinstrap","Anvers","Dream","Adult, 1 Egg Stage","N89A2","No",2007-11-28,52,19,197,"MALE",9.36799,-24.47142,"Nest never observed with full clutch.",4150,"Chinstrap"
"303","PAL0809",27,"Chinstrap","Anvers","Dream","Adult, 1 Egg Stage","N61A1","No",2008-11-25,50.5,18.4,200,"FEMALE",8.9399,-23.89017,"Nest never observed with full clutch.",3400,"Chinstrap"
"304","PAL0809",28,"Chinstrap","Anvers","Dream","Adult, 1 Egg Stage","N61A2","No",2008-11-25,49.5,19,200,"MALE",9.63074,-24.34684,"Nest never observed with full clutch.",3800,"Chinstrap"
"305","PAL0809",29,"Chinstrap","Anvers","Dream","Adult, 1 Egg Stage","N62A1","Yes",2008-11-14,46.4,17.8,191,"FEMALE",9.37369,-24.52896,NA,3700,"Chinstrap"
"306","PAL0809",30,"Chinstrap","Anvers","Dream","Adult, 1 Egg Stage","N62A2","Yes",2008-11-14,52.8,20,205,"MALE",9.25177,-24.69638,NA,4550,"Chinstrap"
"307","PAL0809",31,"Chinstrap","Anvers","Dream","Adult, 1 Egg Stage","N63A1","Yes",2008-11-24,40.9,16.6,187,"FEMALE",9.08458,-24.54903,NA,3200,"Chinstrap"
"308","PAL0809",32,"Chinstrap","Anvers","Dream","Adult, 1 Egg Stage","N63A2","Yes",2008-11-24,54.2,20.8,201,"MALE",9.49283,-24.59996,NA,4300,"Chinstrap"
"309","PAL0809",33,"Chinstrap","Anvers","Dream","Adult, 1 Egg Stage","N65A1","Yes",2008-11-24,42.5,16.7,187,"FEMALE",9.36668,-24.45195,NA,3350,"Chinstrap"
"310","PAL0809",34,"Chinstrap","Anvers","Dream","Adult, 1 Egg Stage","N65A2","Yes",2008-11-24,51,18.8,203,"MALE",9.23196,-24.17282,NA,4100,"Chinstrap"
"311","PAL0809",35,"Chinstrap","Anvers","Dream","Adult, 1 Egg Stage","N67A1","Yes",2008-11-25,49.7,18.6,195,"MALE",9.75486,-24.31198,NA,3600,"Chinstrap"
"312","PAL0809",36,"Chinstrap","Anvers","Dream","Adult, 1 Egg Stage","N67A2","Yes",2008-11-25,47.5,16.8,199,"FEMALE",9.07825,-25.1455,NA,3900,"Chinstrap"
"313","PAL0809",37,"Chinstrap","Anvers","Dream","Adult, 1 Egg Stage","N69A1","Yes",2008-11-14,47.6,18.3,195,"FEMALE",8.83502,-24.65859,NA,3850,"Chinstrap"
"314","PAL0809",38,"Chinstrap","Anvers","Dream","Adult, 1 Egg Stage","N69A2","Yes",2008-11-14,52,20.7,210,"MALE",9.43146,-24.6844,NA,4800,"Chinstrap"
"315","PAL0809",39,"Chinstrap","Anvers","Dream","Adult, 1 Egg Stage","N72A1","No",2008-11-24,46.9,16.6,192,"FEMALE",9.80589,-24.73735,"Nest never observed with full clutch.",2700,"Chinstrap"
"316","PAL0809",40,"Chinstrap","Anvers","Dream","Adult, 1 Egg Stage","N72A2","No",2008-11-24,53.5,19.9,205,"MALE",10.02544,-24.90816,"Nest never observed with full clutch.",4500,"Chinstrap"
"317","PAL0809",41,"Chinstrap","Anvers","Dream","Adult, 1 Egg Stage","N74A1","Yes",2008-11-24,49,19.5,210,"MALE",9.53262,-24.66867,NA,3950,"Chinstrap"
"318","PAL0809",42,"Chinstrap","Anvers","Dream","Adult, 1 Egg Stage","N74A2","Yes",2008-11-24,46.2,17.5,187,"FEMALE",9.61734,-24.66188,NA,3650,"Chinstrap"
"319","PAL0809",43,"Chinstrap","Anvers","Dream","Adult, 1 Egg Stage","N75A1","Yes",2008-11-14,50.9,19.1,196,"MALE",10.02372,-24.86594,NA,3550,"Chinstrap"
"320","PAL0809",44,"Chinstrap","Anvers","Dream","Adult, 1 Egg Stage","N75A2","Yes",2008-11-14,45.5,17,196,"FEMALE",9.36493,-24.66259,NA,3500,"Chinstrap"
"321","PAL0910",45,"Chinstrap","Anvers","Dream","Adult, 1 Egg Stage","N86A1","Yes",2009-11-17,50.9,17.9,196,"FEMALE",9.43684,-24.16566,NA,3675,"Chinstrap"
"322","PAL0910",46,"Chinstrap","Anvers","Dream","Adult, 1 Egg Stage","N86A2","Yes",2009-11-17,50.8,18.5,201,"MALE",9.45827,-24.35575,NA,4450,"Chinstrap"
"323","PAL0910",47,"Chinstrap","Anvers","Dream","Adult, 1 Egg Stage","N87A1","Yes",2009-11-27,50.1,17.9,190,"FEMALE",9.46819,-24.45721,NA,3400,"Chinstrap"
"324","PAL0910",48,"Chinstrap","Anvers","Dream","Adult, 1 Egg Stage","N87A2","Yes",2009-11-27,49,19.6,212,"MALE",9.34089,-24.45189,NA,4300,"Chinstrap"
"325","PAL0910",49,"Chinstrap","Anvers","Dream","Adult, 1 Egg Stage","N88A1","Yes",2009-11-23,51.5,18.7,187,"MALE",9.6895,-24.43062,NA,3250,"Chinstrap"
"326","PAL0910",50,"Chinstrap","Anvers","Dream","Adult, 1 Egg Stage","N88A2","Yes",2009-11-23,49.8,17.3,198,"FEMALE",9.32169,-24.41562,NA,3675,"Chinstrap"
"327","PAL0910",51,"Chinstrap","Anvers","Dream","Adult, 1 Egg Stage","N90A1","Yes",2009-11-21,48.1,16.4,199,"FEMALE",9.46929,-24.48403,NA,3325,"Chinstrap"
"328","PAL0910",52,"Chinstrap","Anvers","Dream","Adult, 1 Egg Stage","N90A2","Yes",2009-11-21,51.4,19,201,"MALE",9.43782,-24.36202,NA,3950,"Chinstrap"
"329","PAL0910",53,"Chinstrap","Anvers","Dream","Adult, 1 Egg Stage","N92A1","Yes",2009-11-23,45.7,17.3,193,"FEMALE",9.415,-24.805,NA,3600,"Chinstrap"
"330","PAL0910",54,"Chinstrap","Anvers","Dream","Adult, 1 Egg Stage","N92A2","Yes",2009-11-23,50.7,19.7,203,"MALE",9.93727,-24.59066,NA,4050,"Chinstrap"
"331","PAL0910",55,"Chinstrap","Anvers","Dream","Adult, 1 Egg Stage","N93A1","Yes",2009-11-27,42.5,17.3,187,"FEMALE",9.56534,-24.60882,NA,3350,"Chinstrap"
"332","PAL0910",56,"Chinstrap","Anvers","Dream","Adult, 1 Egg Stage","N93A2","Yes",2009-11-27,52.2,18.8,197,"MALE",9.77528,-24.56481,NA,3450,"Chinstrap"
"333","PAL0910",57,"Chinstrap","Anvers","Dream","Adult, 1 Egg Stage","N94A1","Yes",2009-11-21,45.2,16.6,191,"FEMALE",9.62357,-24.78984,NA,3250,"Chinstrap"
"334","PAL0910",58,"Chinstrap","Anvers","Dream","Adult, 1 Egg Stage","N94A2","Yes",2009-11-21,49.3,19.9,203,"MALE",9.88809,-24.59513,NA,4050,"Chinstrap"
"335","PAL0910",59,"Chinstrap","Anvers","Dream","Adult, 1 Egg Stage","N95A1","Yes",2009-11-21,50.2,18.8,202,"MALE",9.74492,-24.404,NA,3800,"Chinstrap"
"336","PAL0910",60,"Chinstrap","Anvers","Dream","Adult, 1 Egg Stage","N95A2","Yes",2009-11-21,45.6,19.4,194,"FEMALE",9.46985,-24.65786,NA,3525,"Chinstrap"
"337","PAL0910",61,"Chinstrap","Anvers","Dream","Adult, 1 Egg Stage","N96A1","Yes",2009-11-27,51.9,19.5,206,"MALE",NA,-23.78767,"No delta15N data received from lab.",3950,"Chinstrap"
"338","PAL0910",62,"Chinstrap","Anvers","Dream","Adult, 1 Egg Stage","N96A2","Yes",2009-11-27,46.8,16.5,189,"FEMALE",9.65061,-24.48153,NA,3650,"Chinstrap"
"339","PAL0910",63,"Chinstrap","Anvers","Dream","Adult, 1 Egg Stage","N98A1","Yes",2009-11-19,45.7,17,195,"FEMALE",9.26715,-24.31912,NA,3650,"Chinstrap"
"340","PAL0910",64,"Chinstrap","Anvers","Dream","Adult, 1 Egg Stage","N98A2","Yes",2009-11-19,55.8,19.8,207,"MALE",9.70465,-24.53494,NA,4000,"Chinstrap"
"341","PAL0910",65,"Chinstrap","Anvers","Dream","Adult, 1 Egg Stage","N99A1","No",2009-11-21,43.5,18.1,202,"FEMALE",9.37608,-24.40753,"Nest never observed with full clutch.",3400,"Chinstrap"
"342","PAL0910",66,"Chinstrap","Anvers","Dream","Adult, 1 Egg Stage","N99A2","No",2009-11-21,49.6,18.2,193,"MALE",9.4618,-24.70615,"Nest never observed with full clutch.",3775,"Chinstrap"
"343","PAL0910",67,"Chinstrap","Anvers","Dream","Adult, 1 Egg Stage","N100A1","Yes",2009-11-21,50.8,19,210,"MALE",9.98044,-24.68741,NA,4100,"Chinstrap"
"344","PAL0910",68,"Chinstrap","Anvers","Dream","Adult, 1 Egg Stage","N100A2","Yes",2009-11-21,50.2,18.7,198,"FEMALE",9.39305,-24.25255,NA,3775,"Chinstrap"
